sexo,idade,formacao,curso,anoFormacao,tempoProfissional,tempoFuncao,funcao,metodologia,existenciaProjeto,mesesNoProjeto,S1,S2,S3,C2,C3,C4,C1,EM4,EM1,EM3,EM2,T3,T1,T4,T2,I2,I1,I4,I3,equipe1,reque1,reque2,reque3,tec1,req4,tec2,tec3,tec4,req5,equipe2,equipe3,req6,tec5,tec6,req7,equipe4,ci2,et6,ci3,et4,ee6,ee2,et5,ci1,ee4,ee1,et1,et2,et3,ee3,ci4,ee5,sat1,sat2,sat3,sat4,
Feminino,31,Especialização,Agronegócio,2017,11,2,Gerente,Ágil,6,6,7,7,7,6,5,4,7,7,7,6,6,7,7,5,7,7,6,7,6,6,4,7,6,2,4,4,5,2,5,2,6,5,7,4,4,2,1,7,1,7,2,1,7,1,1,1,7,7,7,2,1,2,7,7,1,7,
Feminino,59,Doutorado,Ciência da computação,2019,20,15,Gerente,Híbrida,18,18,6,5,7,6,5,6,7,6,7,7,6,7,5,7,7,7,7,6,7,3,6,7,6,5,2,4,4,7,6,7,7,7,6,7,6,7,6,6,1,6,2,2,6,1,1,1,7,7,7,1,1,1,6,7,1,6,
Feminino,35,Superior incompleto,Sistemas de Informação,2019,1,1,Desenvolvedor,Tradicional,12,12,6,7,3,6,6,2,7,3,6,7,5,7,5,5,7,7,6,7,5,3,6,2,6,3,6,2,2,2,6,1,2,5,6,6,4,4,1,6,5,5,2,2,6,2,2,2,7,6,5,2,1,1,4,4,2,5,
Feminino,28,Superior incompleto,Ciência da computação,2021,10,1,Desenvolvedor,Ágil,6,1,7,7,4,6,6,4,7,5,6,5,4,7,7,7,7,7,7,7,7,3,4,2,3,6,3,4,4,2,2,2,3,3,2,4,2,4,1,6,1,7,1,1,7,1,1,1,7,7,6,2,1,4,7,7,1,6,
Feminino,39,Doutorado,Ciência da computação,2021,10,7,Analista,Ágil,1,1,6,7,6,4,7,5,5,6,4,7,4,7,6,4,7,7,6,7,5,6,7,6,6,4,5,4,5,5,7,4,4,6,5,7,7,4,4,6,1,6,6,5,6,6,1,4,7,7,5,7,1,7,7,7,1,5,
Feminino,24,Superior incompleto,Sistemas Para Internet,2020,2,2,Desenvolvedor,Tradicional,3,3,2,6,3,1,6,4,3,6,4,3,3,6,7,3,4,7,6,6,5,1,6,5,6,7,7,6,4,7,6,4,1,7,3,5,6,2,1,4,2,6,6,2,3,6,2,5,7,4,7,5,4,3,6,5,2,7,
Feminino,33,Superior incompleto,Ciência da computação,2021,3,1,Desenvolvedor,Ágil,132,7,1,3,4,2,5,3,2,1,3,2,2,6,4,1,7,5,2,7,3,2,2,7,7,7,7,1,7,6,6,4,6,7,2,5,6,3,4,2,6,1,5,7,3,1,2,6,7,4,2,7,3,7,1,2,2,6,
Feminino,29,Superior completo,Sistemas de Informação,2015,4,2,Analista,Ágil,2,2,5,6,2,3,4,3,5,3,6,6,3,6,6,5,6,6,6,6,2,3,4,4,3,5,4,4,3,3,3,3,3,3,5,4,3,5,5,5,1,4,4,2,5,2,6,1,5,7,5,1,1,1,6,5,6,1,
Feminino,40,Mestrado,Ciência da computação,2006,15,5,Gerente,Ágil,48,6,3,4,4,3,5,5,6,6,5,6,4,5,6,5,4,7,6,5,3,6,6,7,6,5,4,2,6,2,4,1,2,6,7,2,6,7,1,6,1,7,1,1,6,1,1,1,7,7,7,2,1,1,7,7,1,6,
Feminino,36,Mestrado,Ciência da computação,2011,17,14,Gerente,Ágil,10,8,2,2,2,4,4,2,5,5,4,6,5,7,7,6,7,6,4,5,6,7,6,6,3,2,6,1,4,4,7,4,3,4,5,7,5,7,5,6,1,6,1,4,5,1,1,3,6,5,5,4,1,5,7,6,1,6,
Feminino,22,Superior incompleto,Ciência da computação,2021,1,1,Desenvolvedor,Ágil,6,1,5,6,4,5,6,4,4,5,6,5,5,6,5,4,7,7,7,5,6,1,3,5,7,6,7,2,6,5,6,2,5,7,3,6,2,4,7,2,7,1,2,7,3,6,7,7,6,2,2,7,7,7,2,5,7,1,
Feminino,28,Especialização,Ciência da computação,2013,11,11,Desenvolvedor,Híbrida,6,6,7,5,4,5,6,5,7,2,4,6,6,4,4,5,5,3,5,5,5,4,6,6,3,6,5,4,5,7,7,5,1,7,7,7,4,4,7,7,3,2,7,7,7,6,3,7,7,5,7,7,3,7,3,4,3,5,
Feminino,25,Superior completo,Engenharia da Computação,2017,4,3,Testador,Ágil,1000,36,5,5,5,7,5,4,7,6,6,6,5,6,4,6,6,7,6,7,6,3,6,7,6,6,4,5,4,5,6,4,7,5,6,7,6,5,2,6,1,5,3,3,6,1,1,2,7,6,5,2,2,5,7,6,1,6,
Feminino,26,Mestrado,Ciência da computação,2019,1,1,Testador,Tradicional,72,18,4,6,3,3,4,4,5,4,4,4,3,5,5,6,7,5,6,6,5,6,5,2,2,6,4,4,5,4,3,5,3,6,6,5,5,2,6,5,4,3,3,2,5,5,5,2,6,4,3,6,5,7,4,4,5,3,
Feminino,31,Superior completo,Sistemas de Informação,2014,5,2,Desenvolvedor,Ágil,48,24,6,7,5,7,6,3,6,7,6,6,5,7,6,6,7,6,7,7,4,5,6,7,7,6,6,1,5,4,7,3,4,7,1,7,7,7,6,6,2,4,4,5,6,7,6,4,5,5,6,6,5,7,4,4,6,2,
Feminino,29,Especialização,Ciência da computação,2011,7,5,Gerente,Ágil,20,20,7,7,5,6,5,5,7,7,7,7,7,6,5,7,5,7,7,6,7,6,6,6,2,4,2,3,6,2,7,2,3,3,7,7,2,5,5,7,3,5,3,5,7,5,2,2,6,6,7,6,2,6,6,6,2,7,
Feminino,24,Superior completo,Engenharia Eletrônica,2018,3,3,Desenvolvedor,Ágil,32,22,6,6,1,4,4,4,5,7,6,4,5,4,5,4,4,6,6,4,5,6,4,6,6,7,5,7,3,3,4,2,5,5,6,5,6,1,4,5,1,6,4,6,5,1,1,2,6,4,6,7,1,7,6,6,1,6,
Feminino,31,Mestrado,Sistemas de Informação,2016,6,6,Testador,Híbrida,72,27,4,4,4,6,5,5,5,5,3,5,5,6,6,5,6,6,6,5,4, , , , , , , , , , , , , , , , , , , , , , , , , , , , , , , , , , , , , ,
Feminino,23,Superior incompleto,Ti,2016,1,1,Analista,Híbrida,12,2,4,5,4,4,5,4,5,4,4,5,4,6,6,4,5,6,5,6,5,5,3,3,5,3,3,3,2,2,4,3,4,3,5,3,4,5,2,6,1,5,3,1,5,1,1,1,6,4,4,1,4,3,5,5,1,6,
Feminino,39,Especialização,Redes,2014,5,3,Desenvolvedor,Tradicional,1,2,6,6,5,5,5,1,7,7,6,7,6,4,6,7,7,7,5,7,7,4,1,5,3,1,3,5,1,1,2,2,1,1,7,7,4,1,1,7,1,7,5,4,6,1,1,1,7,7,7,1,1,2,7,7,1,5,
Feminino,51,Especialização,Ciência da computação,2009,29,11,Gerente,Ágil,15,5,6,6,6,6,5,7,6,5,6,6,6,6,5,5,6,7,5,5,6,6,4,6,5,4,5,5,5,4,6,3,2,4,6,4,3,6,2,6,1,6,1,6,6,1,1,1,7,7,6,1,1,2,6,7,1,7,
Feminino,43,Especialização,Ciência da computação,2004,19,9,Gerente,Híbrida,18,3,6,7,7,3,5,7,6,3,6,3,6,5,5,5,7,6,6,6,6,7,3,5,5,6,5,3,6,5,6,5,6,6,5,5,3,2,6,6,2,3,2,1,6,6,3,5,5,4,6,3,2,3,2,5,3,5,
Feminino,23,Superior incompleto,Análise e desenvolvimento de sistemas,2020,1.9,1.9,Desenvolvedor,Ágil,24,3,6,6,6,6,7,5,4,7,6,6,6,6,6,6,6,7,6,6,7,5,3,2,4,5,2,2,4,3,5,2,2,2,6,3,4,4,3,6,2,6,6,2,6,2,2,2,6,6,4,2,2,2,6,6,2,6,
Feminino,29,Mestrado,Ciência da computação,2015,5,5,Testador,Híbrida,60,10,6,7,7,4,7,7,7,5,4,7,7,7,7,7,7,7,7,7,7,7,7,6,7,7,7,7,7,4,7,7,7,7,7,7,6,1,7,3,4,6,7,5,5,7,4,2,6,4,4,5,5,7,6,7,4,4,
Feminino,36,Doutorado,Ciência da computação,2020,13,13,Analista,Híbrida,120,110,7,7,7,6,6,7,7,7,7,7,7,6,7,7,7,7,7,6,6,7,7,7,7,5,5,4,7,5,7,5,6,7,5,7,7,5,2,7,1,6,2,1,7,1,1,1,7,7,7,3,1,6,6,6,1,7,
Feminino,20,Superior incompleto,Análise e Desenvolvimento de Sistemas,2021,1,1,Desenvolvedor,Híbrida,3,1,4,5,5,5,6,4,4,5,5,5,4,4,5,4,5,5,5,5,5,1,5,6,6,7,4,5,3,5,5,2,2,5,5,2,6,5,2,6,1,7,7,1,5,1,1,1,6,6,4,1,1,1,6,6,1,6,
Feminino,25,Superior completo,Ciência da computação,2015,5,5,Desenvolvedor,Ágil,13,7,5,5,4,6,6,3,7,6,4,7,6,5,7,3,6,7,5,4,7,7,7,7,7,4,6,7,5,5,7,6,3,5,3,7,4,2,3,7,2,4,5,1,7,2,1,1,6,4,7,3,2,4,5,5,1,6,
Feminino,36,Mestrado,Sistemas de Informação,2012,15,15,Desenvolvedor,Ágil,24,12,4,4,3,6,7,3,4,4,5,4,4,5,6,6,7,6,6,7,5, , , , , , , , , , , , , , , , , , , , , , , , , , , , , , , , , , , , , ,
Feminino,29,Superior completo,Sistemas de Informação,2019,3,1,Desenvolvedor,Ágil,6,6,7,7,5,6,6,5,7,6,6,7,6,6,7,7,7,7,7,7,7,4,2,5,5,2,2,1,3,5,5,4,7,2,6,2,2,2,2,2,1,6,1,2,7,1,2,1,7,7,6,6,1,5,6,6,2,6,
Feminino,24,Superior completo,Sistemas de Informação,2018,5,1,Analista,Híbrida,6,3,6,7,6,5,4,5,6,6,7,6,6,6,7,7,5,7,7,7,7,5,5,7,5,7,6,4,7,4,7,5,4,7,5,7,5,5,1,6,1,7,2,1,6,1,1,2,7,7,7,5,1,4,7,7,1,7,
Feminino,27,Superior completo,Analise de Sistemas,2014,6,6,Desenvolvedor,Híbrida,180,72,5,7,6,5,6,5,7,6,4,6,6,6,2,3,5,7,7,6,7,7,7,7,5,7,7,4,3,3,7,4,2,4,5,7,7,5,7,6,3,1,4,7,6,5,4,7,4,2,7,7,5,7,4,4,4,4,
Feminino,46,Mestrado,Ciência da computação,2002,15,15,Desenvolvedor,Ágil,1,1,3,5,2,3,4,5,4,4,5,4,4,4,5,5,5,5,5,5,5,3,4,5,4,3,5,3,4,2,5,5,3,4,6,5,3,3,5,4,3,3,2,5,5,4,4,5,4,4,3,5,5,5,3,5,4,3,
Feminino,27,Superior completo,Sistemas de Informação,2016,5,5,Desenvolvedor,Ágil,12,2,7,7,7,7,7,7,7,7,5,5,5,7,7,7,7,7,7,7,7,6,6,6,6,6,6,6,6,6,6,6,7,6,7,6,6,6,1,7,1,7,1,1,6,1,1,1,7,7,7,1,1,1,7,7,1,6,
Feminino,24,Superior completo,Sistemas para Internet,2018,2,1,Desenvolvedor,Ágil,10,10,6,6,6,7,5,4,7,6,7,5,7,7,6,5,6,7,6,6,6,7,6,7,7,3,7,6,5,4,7,2,3,7,5,7,3,4,6,6,3,3,5,4,6,3,2,4,4,4,6,6,3,4,4,5,2,6,
Feminino,23,Superior incompleto,Análise de Sistemas,2020,3,3,Analista,Ágil,2,2,7,7,6,6,7,4,4,6,6,5,5,5,6,6,6,6,7,4,6,6,6,2,3,2,7,1,6,5,7,3,5,6,1,5,7,7,7,4,2,1,7,7,3,7,7,7,5,1,5,7,7,7,1,1,7,1,
Feminino,25,Superior incompleto,Sistemas de Informação,2020,4,4,Desenvolvedor,Ágil,36,6,3,3,1,5,6,5,2,3,2,5,3,5,4,6,4,7,6,6,7,2,7,7,6,5,7,1,5,3,6,2,7,7,5,7,7,4,7,1,2,2,7,7,1,7,6,7,6,3,3,7,2,7,2,3,6,2,5
Feminino,25,Especialização,Engenharia da Computação,2020,6,6,Desenvolvedor,Ágil,12,6,5,7,6,5,5,1,5,7,5,5,5,4,7,4,7,7,6,5,7,6,7,6,5,6,6,3,6,6,6,3,4,5,5,7,5,5,6,5,6,4,1,6,7,6,2,5,5,2,4,6,6,7,4,2,2,6,
Feminino,24,Superior completo,Ciência da computação,2016,6,6,DBA,Híbrida,60,14,5,6,4,4,5,4,4,4,4,5,6,5,4,4,5,6,6,5,6,4,3,3,5,3,4,3,6,3,3,3,4,5,5,7,3,3,7,3,1,4,1,6,5,3,4,3,7,6,4,5,1,7,2,3,4,4,
Feminino,27,Superior completo,Sistemas de Informação,2014,5,3,Analista,Híbrida,240,10,6,7,6,6,4,4,6,3,5,5,5,4,5,4,7,6,5,4,4,7,5,5,4,4,5,4,5,4,4,6,2,7,2,7,4,7,4,4,3,4,2,3,5,3,2,2,7,5,4,4,1,4,5,5,2,6,
Feminino,27,Especialização,Ciência da computação,2020,7,1,Gerente,Ágil,4,4,5,7,7,4,7,7,7,7,7,5,1,7,7,7,7,7,7,7,7,7,7,1,1,7,1,4,7,7,1,7,7,7,4,3,7,7,1,7,1,5,1,4,6,1,1,1,7,7,7,1,1,1,6,6,1,7,
Feminino,38,Mestrado,Mestrado em sistemas e computação,2010,19,19,Desenvolvedor,Ágil,12,2,6,4,4,7,7,5,7,6,6,7,4,7,7,4,7,7,7,7,7,5,7,5,5,5,5,1,3,5,4,4,1,5,3,7,7,3,7,2,4,4,4,6,4,5,2,7,4,3,4,7,4,7,2,1,2,5,
Feminino,27,Especialização,Engenharia da Computação,2021,2,3,Testador,Ágil,1,6,6,6,6,6,6,6,6,6,6,6,6,6,6,6,5,6,6,6,6,6,6,6,6,6,5,6,6,5,6,6,6,6,6,6,6,6,6,6,6,6,6,6,6,6,6,6,6,6,6,6,6,6,6,6,6,2,
Feminino,25,Especialização,Engenharia de Software,2018,6,1,DBA,Ágil,36,36,6,6,6,5,5,6,7,5,6,7,6,7,7,6,7,7,7,7,7,7,6,7,6,7,7,7,3,5,6,7,7,6,5,7,6,2,3,5,2,4,5,5,5,1,1,4,7,5,5,1,1,5,5,5,1,6,
Feminino,20,Superior incompleto,Engenharia da Computação,2021,2,2,Desenvolvedor,Ágil,1,1,4,6,5,3,4,5,6,5,4,3,4,5,5,6,5,7,5,5,6,1,3,4,6,7,4,2,7,1,5,5,4,6,4,6,5,5,5,5,3,4,3,4,5,4,2,2,4,3,3,4,3,4,5,5,2,5,
Feminino,30,Mestrado,Ciência da computação,2012,5,5,Analista,Ágil,3,2,4,5,4,4,4,4,4,6,4,5,5,4,6,6,6,4,6,6,6,7,6,6,6,5,6,5,5,5,6,7,6,6,6,6,6,7,6,3,3,4,6,6,5,4,6,7,4,3,5,7,2,7,4,3,6,2,
Feminino,35,Mestrado,Ciência da computação,2012,14,14,Analista,Híbrida,6,6,6,6,5,6,5,5,5,4,7,5,6,7,5,7,6,7,6,4,6,2,5,7,5,2,5,2,4,5,5,4,2,3,5,3,5,3,3,5,1,4,2,2,6,2,2,2,7,6,5,7,2,7,5,5,2,6,
Feminino,33,Especialização,Sistemas de Informação,2017,2,1,Testador,Ágil,3,3,6,7,4,2,7,1,5,7,6,7,7,7,7,7,7,7,7,7,7,7,5,7,5,6,4,7,3,3,7,7,7,6,3,3,2,7,1,7,1,7,5,1,7,1,1,1,7,7,6,1,1,1,7,7,1,6,
Feminino,23,Superior incompleto,Ciência da computação,2021,1,1,Desenvolvedor,Ágil,30,11,7,7,7,7,7,7,7,7,7,7,6,7,7,7,7,7,7,7,7,7,6,7,5,6,5,5,4,7,7,7,7,7,7,7,7,4,5,6,1,5,4,4,5,1,1,3,7,7,7,6,1,4,5,5,1,7,
Feminino,23,Superior incompleto,Ciência da computação,2020,3,1,Analista,Híbrida,6,1,6,7,6,4,6,4,7,5,5,6,6,5,5,7,7,7,7,5,7,7,7,6,6,7,6,1,6,5,5,5,1,5,3,7,1,6,2,4,3,5,2,4,5,5,1,1,7,5,6,5,1,3,5,3,1,5,
Feminino,29,Especialização,Governança de TI,2017,5,5,Testador,Ágil,11,11,3,4,5,4,5,3,4,3,3,5,4,5,5,5,5,7,6,5,3,6,4,5,4,6,4,6,6,5,6,6,2,6,6,5,2,3,5,2,4,5,4,5,4,2,5,6,6,4,3,6,6,6,5,6,5,3,
Feminino,20,Superior incompleto,Design,2022,3,2,Designer,Ágil,2,2,5,7,6,5,7,7,6,7,7,7,7,5,6,7,7,7,7,6,7,7,7,7,7,7,7,7,7,7,7,7,7,7,5,7,7,3,7,4,5,4,7,7,4,3,1,7,7,2,6,7,5,7,4,7,1,6,
Feminino,24,Superior completo,Ciência da computação,2019,2,1,Desenvolvedor,Ágil,24,3,5,5,3,4,6,4,4,6,5,3,3,6,7,5,6,7,6,5,7,6,3,2,2,4,3,1,2,5,3,5,1,3,5,5,1,6,4,4,1,6,2,3,5,3,1,5,7,5,4,4,1,4,6,5,1,7,
Feminino,30,Superior completo,Sistemas de Informação,2013,6,5,Testador,Ágil,2,1,4,5,5,5,1,1,5,5,5,5,1,5,7,5,6,6,6,6,5,7,6,6,6,3,6,3,3,3,6,7,6,6,3,6,6,7,7,3,3,3,6,7,3,5,5,7,5,3,3,7,3,7,6,5,5,3,
Feminino,27,Superior completo,Análise e Desenvolvimento de Sistemas,2018,6,6,Analista,Ágil,8,3,2,4,4,7,6,5,6,5,4,5,4,6,6,5,7,6,6,5,5,2,6,4,4,6,6,2,6,6,2,2,2,4,6,6,4,2,2,5,1,7,2,1,6,1,1,1,7,7,7,2,1,2,7,5,1,6,
Feminino,30,Superior completo,Análise e Desenvolvimento de Sistemas,2015,7,5,Desenvolvedor,Ágil,2,2,4,7,6,3,3,3,7,7,6,7,5,5,5,4,3,7,7,7,7,2,6,7,6,1,6,1,1,1,6,1,1,6,4,5,7,4,4,6,1,6,5,4,5,1,1,1,7,7,7,3,1,4,6,6,1,7,
Feminino,27,Mestrado,Ciência da computação,2018,3,3,Desenvolvedor,Ágil,28,7,6,6,6,6,6,6,6,6,6,4,6,7,6,6,6,7,6,6,6,2,2,4,2,2,2,2,2,3,2,3,2,2,5,2,2,2,5,6,1,5,4,3,4,4,2,3,6,6,6,4,2,5,4,5,2,3,
Feminino,25,Superior completo,Ciência da computação,2018,1.4,1,Desenvolvedor,Híbrida,5,6,5,6,4,5,4,5,6,5,4,4,4,4,3,3,5,5,4,4,3,3,5,6,5,5,4,2,6,2,6,6,1,7,5,5,3,2,2,5,2,6,4,2,6,5,1,3,5,4,4,5,2,5,7,7,1,7,
Feminino,22,Especialização,Gestão da Tecnologia da Informação,2017,2,2,Desenvolvedor,Ágil,12,10,7,7,6,5,3,4,7,7,6,5,6,5,6,7,7,6,6,5,6,7,7,7,7,7,1,3,6,7,7,5,6,6,2,6,7,2,1,7,1,7,6,2,4,1,1,1,7,7,5,2,1,1,7,7,1,1,
Feminino,42,Especialização,MBA em gestão de projetos,2013,25,4,Gerente,Híbrida,5,4,6,7,6,5,6,7,6,7,6,7,6,7,7,6,7,6,7,7,6,6,6,6,6,5,4,5,6,7,7,7,6,6,6,6,5,5,6,5,4,4,4,6,6,3,2,4,3,4,3,6,2,6,5,4,2,6,
Feminino,24,Superior incompleto,Sistemas de Informação,2020,2,2,Desenvolvedor,Ágil,144,7,6,6,3,6,6,4,5,5,5,6,6,5,7,6,5,4,5,4,6,2,7,5,5,6,5,3,4,3,6,2,5,6,6,7,4,5,6,4,2,2,4,4,4,4,4,5,6,4,5,5,2,4,3,4,4,4,
Feminino,24,Superior completo,Engenharia da Computação,2019,4,3,Desenvolvedor,Ágil,6,6,6,6,2,5,5,5,6,6,3,7,6,5,5,4,4,5,3,3,5,3,2,2,3,5,2,4,4,3,5,1,1,2,5,3,3,5,5,3,3,4,2,5,6,5,2,5,5,4,5,2,1,5,5,5,2,6,
Feminino,50,Especialização,Pós Graduação Projetos Ágeis,2019,23,8,Gerente,Ágil,7,7,7,7,7,7,7,5,6,7,6,5,7,5,4,7,7,7,7,6,7,2,2,3,1,1,2,1,2,2,2,3,1,1,7,7,1,1,1,6,1,6,7,2,7,1,1,2,7,7,7,5,1,7,6,5,1,6,
Feminino,26,Especialização,Sistemas de Informação,2017,4,2,Desenvolvedor,Híbrida,10,2,6,7,6,5,6,5,7,5,6,5,6,6,6,6,6,7,7,6,6,3,7,5,6,4,7,2,3,1,6,3,2,6,5,4,2,4,1,5,1,6,1,2,6,1,1,2,7,6,6,4,1,5,6,7,1,5,
Feminino,24,Superior completo,Sistemas de Informação,2016,3,3,Testador,Tradicional,60,24,3,7,4,7,6,2,6,4,4,4,5,4,4,4,4,7,6,5,7,7,7,7,7,6,6,6,7,3,7,6,4,7,5,7,2,7,7,2,1,2,6,6,6,7,6,7,7,1,5,7,2,7,1,1,6,2,
Feminino,24,Superior completo,Ciência da computação,2018,2,2,Testador,Híbrida,204,19,4,6,6,4,4,2,7,6,6,6,5,7,6,7,7,7,7,6,7,5,3,5,4,2,4,1,4,3,5,2,2,5,4,4,1,2,6,7,1,3,1,5,6,1,1,3,4,4,5,6,1,6,5,6,1,7,
Feminino,27,Superior completo,Sistemas de Informação,2017,2,1,5,Testador,Tradicional,18, ,5,6,7,6,5,5,6,6,7,6,5,5,6,6,7,7,6,6, ,5,7,5,7,4,5,5,6,6,7,3,7,5,4,7,5, ,2,6,4,6,4,3,7,1,1,4,7,6,5,2,1, ,6,6,1,
Feminino,38,Mestrado,Ciência da computação,2015,16,4,Desenvolvedor,Ágil,7,7,6,7,6,6,6,6,6,6,6,5,5,7,7,6,6,7,7,6,6,1,2,7,5,6,2,2,2,2,5,2,1,3,6,3,2,1,2,7,1,6,4,3,6,1,1,1,7,6,6,2,1,2,6,6,1,7,
Feminino,19,Superior incompleto,Ciência da computação,2021,2,2,Desenvolvedor,Ágil,3,3,7,6,6,6,6,5,7,6,7,6,7,5,4,5,5,6,6,6,5,7,7,7,7,5,7,5,7,7,6,6,7,7,4,5,7,4,6,6,1,5,3,1,6,1,2,1,6,4,6,3,1,3,4,4,2,6,2
Feminino,24,Superior completo,Engenharia da Computação,2019,3,3,Desenvolvedor,Ágil,15,13,5,6,7,7,7,5,7,7,7,6,5,6,4,6,7,7,7,7,7, , , , , , , , , , , , , , , , , , , , , , , , , , , , , , , , , , , , , ,
Feminino,22,Superior incompleto,Análise e Desenvolvimento de Sistemas,2021,3,3,Testador,Híbrida,15,10,5,3,4,5,5,4,4,4,6,7,5,4,5,5,5,6,5,5,6,7,7,6,6,3,6,1,6,4,7,3,7,5,2,7,5,5,1,6,1,7,4,5,6,1,1,2,7,7,5,3,1,2,5,4,1,7,
Feminino,27,Superior completo,Sistemas de Informação,2015,3,2,Testador,Ágil,5,5,7,7,6,5,7,7,7,6,6,7,6,7,5,7,6,7,7,7,7,1,7,7,6,7,5,3,4,1,7,2,1,7,5,7,1,4,1,7,1,7,1,1,6,1,1,1,7,7,7,2,1,4,7,7,1,7,
Feminino,28,Mestrado,Ciência da computação,2019,5,5,Desenvolvedor,Ágil,24,24,6,6,5,5,6,4,6,6,7,6,7,7,5,4,7,7,6,5,6,5,5,5,5,6,5,4,3,3,4,4,4,5,3,3,5,5,2,6,1,5,3,2,7,1,1,2,7,5,6,1,1,2,7,7,1,5,
Masculino,30,Doutorado,Ciência da computação,2021,13,13,Desenvolvedor,Ágil,110,98,3,5,5,5,7,7,7,4,5,7,7,6,7,7,6,6,3,7,5,5,2,1,2,3,5,2,2,4,4,4,2,2,2,5,2,2,2,6,2,6,7,3,7,1,1,2,7,7,7,3,1,2,7,7,1,7,
Masculino,29,Doutorado,Ciência da computação,2019,6,5,Desenvolvedor,Ágil,60,60,5,2,6,6,6,7,6,3,5,7,4,7,3,5,5,7,7,5,6,7,2,6,5,7,6,2,6,6,7,4,1,7,3,6,3,5,5,7,1,7,4,5,6,2,1,1,7,6,6,2,2,4,7,6,1,6,
Masculino,31,Doutorado,Ciência da computação,2019,4,2,Desenvolvedor,Ágil,14,3,6,6,4,5,7,6,5,6,6,6,4,5,6,7,7,7,7,6,6,2,2,6,2,6,2,2,4,2,3,5,1,6,6,6,1,4,2,4,2,6,6,2,3,2,1,2,6,6,4,1,1,2,7,7,1,7,
Masculino,22,Superior incompleto,Sistemas de Informação,2019,2,2,Desenvolvedor,Híbrida,24,24,5,5,3,6,4,6,4,7,7,6,5,6,6,4,7,7,7,7,6,6,2,4,6,6,7,5,5,5,3,5,2,5,2,7,2,6,2,7,1,2,4,3,6,2,2,2,6,6,5,2,1,7,4,5,2,6,
Masculino,22,Superior incompleto,Ciência da computação,2014,2,2,Desenvolvedor,Ágil,12,1,7,7,5,7,6,7,5,7,7,4,4,7,6,5,7,7,7,4,5,3,1,3,5,1,5,4,3,1,3,1,1,2,1,1,1,3,1,7,1,7,1,3,5,1,1,1,6,6,5,1,1,1,7,7,1,7,
Masculino,39,Especialização,Ciência da computação,2018,15,1,Desenvolvedor,Ágil,36,4,7,7,6,7,6,6,7,6,5,6,5,6,5,6,6,7,7,7,7,4,6,4,6,6,6,2,7,3,5,7,3,7,5,5,6,4,2,5,1,7,4,4,7,3,1,6,7,7,5,3,2,6,6,6,1,6,
Masculino,27,Superior completo,Desenvolvimento de jogos,2013,10,10,Desenvolvedor,Híbrida,19,8,7,6,4,7,4,2,3,5,7,7,5,7,4,2,6,7,6,7,7,5,4,5,6,2,4,1,4,5,7,4,1,5,5,4,6,2,5,7,2,3,5,5,6,4,1,4,4,2,5,6,2,5,5,4,1,7,
Masculino,21,Superior incompleto,Engenharia de Software,2020,5,2,Analista,Híbrida,18,2,2,5,2,7,3,1,6,3,5,6,2,6,7,6,6,7,7,7,6,6,7,7,4,5,3,2,2,3,2,5,6,3,3,7,7,1,7,7,7,1,7,7,5,7,6,7,5,2,4,7,7,6,1,2,6,2,
Masculino,21,Superior incompleto,Engenharia de software,2020,2,5,Desenvolvedor,Ágil,8,8,7,7,5,3,4,3,5,5,7,6,5,4,6,5,5,7,6,6,6,1,4,4,1,5,2,4,2,2,2,3,2,5,4,4,2,1,3,6,2,5,1,1,3,3,1,1,7,6,7,4,1,2,5,5,1,7,
Masculino,33,Especialização,Sistemas de Informação,2016,10,6,Desenvolvedor,Ágil,8,4,6,7,4,7,6,5,4,7,7,5,7,5,4,4,3,7,7,6,6,5,6,6,6,6,4,3,4,2,5,5,6,7,2,3,3,3,1,7,1,6,2,1,5,1,2,3,5,6,6,2,1,3,6,7,2,6,
Masculino,22,Superior completo,Sistemas de Informação,2020,4,4,Desenvolvedor,Ágil,4,5,3,7,4,1,7,7,5,5,4,7,4,7,7,6,6,7,7,7,7,7,7,5,7,5,4,7,6,3,5,4,4,4,4,7,5,1,4,6,1,1,7,7,3,1,1,7,7,5,5,7,1,7,4,4,1,7,
Masculino,32,Especialização,Ciência da computação,2014,5,5,Testador,Ágil,36,11,6,7,7,7,6,5,7,7,6,7,6,6,7,7,7,7,7,7,6,5,2,5,4,2,7,5,2,1,4,1,4,4,4,3,3,2,2,7,1,6,1,1,4,1,1,1,7,7,7,4,2,6,6,6,1,3,
Masculino,27,Superior completo,Sistemas de Informação,2014,10,2,Desenvolvedor,Ágil,168,21,5,5,2,6,7,5,4,7,2,6,3,7,4,6,6,5,6,6,7,1,5,5,5,6,5,4,5,1,5,4,4,4,5,3,4,1,3,3,2,5,7,2,4,2,2,1,7,5,5,5,4,2,5,5,2,6,
Masculino,23,Superior incompleto,Análise e Desenvolvimento de Sistemas,2020,3,3,Desenvolvedor,Híbrida,7,3,3,7,4,5,4,4,5,3,5,4,4,7,7,4,7,4,7,5,5,6,5,7,7,7,7,5,7,7,7,5,5,7,2,7,5,3, , , , , , , , , , , , , , , , , , , , ,
Masculino,38,Mestrado,Ciência da computação,2009,15,13,Analista,Híbrida,10,10,7,6,6,4,7,2,6,5,7,6,4,6,5,5,5,6,7,5,6,6,7,7,7,6,7,6,6,5,7,6,5,6,5,7,7,7,3,5,1,6,6,2,6,2,1,1,7,6,6,4,2,2,6,6,1,7,
Masculino,18,Superior incompleto,Ciência da computação,2020,1,1,Desenvolvedor,Tradicional,1,1,6,7,7,7,3,4,7,7,2,7,3,7,6,5,7,7,6,4,6,1,2,6,6,3,4,6,4,4,5,4,5,3,7,7,6,3,7,3,7,2,4,6,7,6,5,7,6,3,5,6,2,7,4,4,5,3,3
Masculino,47,Mestrado,Sistemas de Informação,2010,28,24,Analista,Tradicional,90,6,4,4,6,5,4,3,5,4,5,5,5,5,5,5,5,5,5,5,5,3,3,1,3,1,3,1,1,3,2,3,3,3,3,1,1,3,1,2,6,2,7,7,2,3,7,4,1,1,2,6,5,7,1,2,7,1,
Masculino,30,Especialização,Analise e Desenvolvimento de Sistemas,2012,9,9,Desenvolvedor,Ágil,36,22,6,6,6,6,4,3,4,5,5,5,4,5,5,5,6,6,6,6,6, , , , , , , , , , , , , , , , , , , , , , , , , , , , , , , , , , , , , ,
Masculino,31,Superior completo,Ciência da computação,2010,9,9,Desenvolvedor,Híbrida,36,36,2,5,5,5,5,6,4,3,3,2,3,4,4,4,4,5,6,5,5,5,7,7,6,6,7,4,2,6,6,5,4,7,3,7,7,4,4,3,3,4,4,5,4,3,1,5,6,4,4,3,5,5,4,2,1,7,
Masculino,25,Superior completo,Sistemas de Informação,2018,4,4,Desenvolvedor,Híbrida,14,1,7,7,6,5,6,6,6,7,6,5,6,6,6,7,6,7,7,6,6,7,7,4,2,3,2,3,1,1,2,3,2,3,5,1,2,2,1,7,1,7,4,1,6,1,1,1,7,7,7,1,1,1,7,7,1,6,
Masculino,35,Superior completo,Ciência da computação,2006,12,10,Desenvolvedor,Híbrida,24,6,5,7,6,7,6,6,7,6,6,6,4,6,6,7,7,6,6,6,5,4,4,5,4,6,4,2,5,4,5,2,4,3,5,2,3,5,3,6,1,5,4,2,6,1,1,3,6,6,6,2,1,2,5,6,1,7,
Masculino,22,Superior incompleto,Sistemas de Informação,2019,4,4,Desenvolvedor,Ágil,23,3,7,6,4,5,4,4,4,4,5,6,5,5,2,5,3,2,3,4,4, , , , , , , , , , , , , , , , , , , , , , , , , , , , , , , , , , , , , ,
Masculino,33,Mestrado,Engenharia de Software,2016,9,9,Desenvolvedor,Ágil,36,24,7,6,6,5,5,6,6,6,6,6,4,5,5,6,6,7,7,6,5,5,4,6,4,1,4,1,2,2,6,4,3,7,6,6,5,1,3,5,1,6,2,2,6,2,2,2,7,5,6,1,1,5,5,5,2,6,2
Masculino,36,Mestrado,Ciência da computação,2008,15,9,Gerente,Híbrida,4,4,7,7,7,3,7,4,7,5,7,7,6,7,5,7,5,7,6,7,7,2,2,3,2,5,5,1,2,1,5,3,1,2,6,5,4,1,5,7,1,4,1,6,7,3,1,5,7,7,7,5,1,7,4,4,1,2,
Masculino,30,Especialização,Ciência da computação,2013,9,6,Desenvolvedor,Ágil,60,2,6,6,6,5,6,3,5,6,5,6,7,7,5,4,7,6,7,6,6,1,6,5,3,2,4,1,1,1,5,3,1,5,6,2,5,5,4,4,3,6,2,6,6,1,1,5,6,5,6,2,2,5,6,6,1,7,
Masculino,33,Especialização,Engenharia de Software,2013,14,13,Analista,Híbrida,126,126,7,7,7,7,7,6,7,4,5,6,7,7,5,4,5,7,6,6,5,6,7,7,5,7,5,7,6,3,7,7,3,7,3,7,2,2,6,5,3,3,4,6,7,7,4,6,3,4,5,4,2,7,3,4,4,3,
Masculino,46,Mestrado,Ciência da computação,2014,26,3,Gerente,Ágil,12,12,6,6,6,7,7,6,6,6,6,7,7,7,6,7,7,7,6,7,6,2,6,7,7,6,6,6,2,2,7,2,6,6,5,6,6,6,1,7,1,6,1,1,7,1,1,1,7,7,7,1,1,1,7,7,1,7,
Masculino,43,Mestrado,Ciência da computação,1999,20,5,Gerente,Ágil,3,3,7,7,6,4,5,5,7,5,6,6,7,5,7,6,7,7,7,6,7,4,3,3,3,3,3,2,2,3,3,2,2,3,6,3,3,4,2,6,1,6,2,6,7,1,1,1,7,7,5,2,2,2,6,6,1,5,
Masculino,45,Especialização,Sistemas de Informação,2000,25,20,Desenvolvedor,Híbrida,10,5,6,4,4,7,6,5,6,6,5,5,5,6,6,4,4,7,5,6,4,6,5,5,5,6,5,5,4,4,5,4,4,5,6,6,4,4, , , , , , , , , , , , , , , , , , , , ,
Masculino,24,Superior completo,Sistemas de Informação,2018,1,2,Desenvolvedor,Ágil,48,3,3,6,3,6,6,2,4,4,4,4,3,6,4,6,3,6,6,6,4,2,2,7,6,4,5,1,6,3,2,2,4,6,3,3,2,5,2,6,2,7,2,5,6,2,1,2,7,6,5,2,2,5,7,6,1,7,
Masculino,32,Mestrado,Ciência da computação,2012,11,3,Desenvolvedor,Ágil,11,11,5,7,6,7,7,7,7,6,7,7,6,7,5,7,6,7,7,7,7,7,7,7,6,6,7,3,4,2,7,7,7,6,3,7,6,2,5,6,5,4,3,6,7,5,4,5,7,5,4,5,4,6,4,5,4,4,
Masculino,38,Especialização,Ciência da computação,2009,10,10,Desenvolvedor,Ágil,12,12,6,7,7,6,7,5,7,5,7,5,6,6,7,4,7,7,7,7,6,1,5,6,6,5,3,1,2,6,7,2,7,4,4,2,6,4,5,5,5,6,4,5,7,4,2,4,6,4,6,1,1,4,5,4,2,6,
Masculino,32,Superior completo,Análise e desenvolvimento de sistemas,2014,16,11,Desenvolvedor,Ágil,2,2,3,6,4,6,4,4,6,5,6,4,4,5,7,7,7,6,6,4,3,4,1,2,3,1,5,2,3,2,2,1,1,5,3,6,1,3,3,3,3,5,6,5,6,2,1,3,3,3,4,4,3,5,5,7,1,7,
Masculino,28,Superior completo,Análise e Desenvolvimento de Sistemas,2010,9,3,Gerente,Ágil,48,9,5,6,4,4,7,4,6,5,4,5,5,7,7,7,7,7,6,7,5,3,3,4,4,5,7,3,2,4,4,3,3,4,5,1,3,2,4,4,2,4,5,6,4,1,1,3,5,4,5,6,2,6,4,4,1,7,
Masculino,41,Superior completo,Gestão em TI,2016,20,10,Gerente,Ágil,4,1,6,7,6,7,7,6,7,6,5,6,5,7,7,7,7,7,5,7,6,3,2,5,4,5,5,4,4,5,4,5,2,4,6,5,2,2,1,6,2,6,2,2,7,1,1,2,7,6,3,2,2,5,6,7,1,5,
Masculino,47,Especialização,Engenharia eletrônica,1996,21,6,Desenvolvedor,Tradicional,3,3,3,6,4,7,7,6,4,2,5,5,4,7,5,2,7,7,6,7,7,4,7,6,4,5,6,5,2,2,6,1,1,2,1,5,7,1,1,3,1,6,7,3,1,1,1,3,7,7,7,6,1,7,6,6,1,7,
Masculino,36,Especialização,Matemática Computacional,2013,13,8,Analista,Híbrida,72,60,5,6,5,5,4,4,4,5,3,3,3,5,7,3,6,6,6,5,5,6,5,6,5,4,5,3,2,2,6,2,5,6,3,2,3,2,2,6,2,6,2,3,5,2,2,3,6,5,6,5,3,4,6,6,2,6,
Masculino,30,Especialização,Ciência da computação,2014,5,5,Gerente,Híbrida,12,12,6,7,6,7,7,7,7,7,7,7,7,7,7,7,7,7,7,7,7,2,2,2,2,4,2,2,2,2,2,4,2,2,2,2,4,2,2,6,1,6,2,2,4,2,2,2,6,5,5,2,2,2,6,6,2,6,
Masculino,39,Superior incompleto,Sistemas de Informação,0,21,5,Analista,Ágil,10,10,3,7,5,7,7,2,7,5,7,5,7,7,7,7,7,4,7,7,4,3,4,7,7,5,7,3,2,7,7,1,6,4,4,7,7,7,1,7,1,7,4,4,7,1,1,4,7,7,7,1,1,5,7,7,1,7,
Masculino,31,Especialização,Sistemas de Informação,2015,12,6,Gerente,Híbrida,18,18,5,6,5,7,7,7,7,7,7,7,7,7,7,7,7,7,7,7,7,4,7,7,3,7,2,4,2,1,6,6,1,4,5,4,5,3,1,7,1,7,7,1,7,1,1,1,7,7,7,1,7,1,7,7,1,5,
Masculino,30,Superior incompleto,Sistemas de Informação,2020,12,10,Desenvolvedor,Tradicional,6,2,4,7,1,5,3,4,3,7,4,4,3,7,5,3,4,7,7,7,7, , , , , , , , , , , , , , , , , , , , , , , , , , , , , , , , , , , , , ,
Masculino,37,Mestrado,Engenharia da Computação,2018,17,4,Desenvolvedor,Híbrida,8,8,6,6,5,5,6,5,5,5,6,4,6,6,7,4,6,6,6,7,6,6,6,6,4,6,5,4,5,3,6,5,6,6,5,6,4,2,3,5,1,5,6,3,6,2,1,2,6,6,5,2,1,2,6,6,1,7,3
Masculino,24,Mestrado,Ciência da computação,2019,41,11,Gerente,Ágil,30,9,7,7,7,7,7,4,7,6,7,6,5,5,6,5,5,7,6,6,7,7,6,6,6,4,2,2,2,1,6,6,7,6,7,4,1,2,1,6,1,6,1,5,7,1,1,6,6,4,6,2,1,6,5,7,1,5,
Masculino,22,Superior incompleto,Ciência da computação,2022,1,1,Analista,Ágil,12,18,7,7,2,6,7,1,6,1,3,2,3,5,1,6,3,7,6,2,4,1,5,5,1,7,4,1,1,1,2,1,1,2,7,2,4,7,6,7,1,3,2,5,1,1,1,1,6,4,1,2,1,6,6,4,1,3,7
Masculino,21,Superior incompleto,Engenharia da Computação,2021,1,1,Desenvolvedor,Híbrida,10,10,4,2,5,7,6,5,7,4,4,6,5,2,2,1,2,7,5,6,7,4,7,7,7,7,3,3,3,4,3,4,3,4,4,7,5,5,7,4,1,4,6,6,7,7,1,3,7,4,5,7,1,5,5,4,1,7,
Masculino,21,Superior incompleto,Engenharia da Computação,2021,1,1,Desenvolvedor,Tradicional,1,1,6,5,3,6,2,3,4,3,7,4,6,2,3,5,5,6,5,5,7,1,5,5,5,6,4,5,3,5,5,3,5,4,4,5,6,5,3,5,3,6,7,4,6,3,5,2,6,5,4,6,4,6,6,6,5,5,
Masculino,19,Superior incompleto,Ciência da computação,2022,2,1,Gerente,Ágil,3,3,4,3,6,5,4,6,6,4,3,6,3,4,4,6,5,5,4,5,5,1,1,3,1,7,2,1,5,2,5,5,1,4,4,5,5,5,4,3,2,4,2,3,4,4,2,4,4,4,6,3,1,5,4,6,2,6,
Masculino,44,Superior completo,Sistemas de Informação,1997,15,15,Desenvolvedor,Híbrida,10,10,5,5,7,7,7,5,7,7,5,5,5,7,4,5,5,7,7,7,5,1,4,5,2,3,5,1,1,1,5,3,1,5,5,1,2,5,1,7,1,7,4,5,7,1,1,4,7,7,5,4,1,7,7,5,1,7,
Masculino,37,Superior completo,Ciência da computação,2007,19,8,Gerente,Tradicional,18,18,4,6,4,3,6,4,6,3,5,5,5,6,4,4,6,7,5,6,5,1,7,5,6,3,7,3,1,7,6,7,6,4,4,7,7,2,5,4,1,4,6,5,7,1,2,3,7,7,6,2,1,3,6,6,2,3,
Masculino,36,Mestrado,Ciência da computação,2009,15,13,Gerente,Ágil,21,21,6,6,6,6,6,6,6,7,6,6,5,5,6,6,5,6,6,6,6,3,5,7,7,7,6,4,4,3,4,3,2,6,6,6,2,2,2,7,1,6,2,5,6,2,1,3,6,6,6,5,1,6,6,6,1,7,
Masculino,34,Mestrado,Ciência da computação,2010,13,13,Desenvolvedor,Híbrida,20,20,6,4,4,6,5,5,6,6,6,5,5,6,7,5,6,5,5,6,6,6,7,7,7,5,7,5,3,5,7,5,6,7,5,7,5,7,2,6,1,5,1,3,5,3,3,2,5,6,5,3,1,3,5,6,3,5,
Masculino,27,Superior completo,Sistemas de Informação,2016,4,1,Desenvolvedor,Híbrida,1,1,6,6,3,3,3,3,5,5,6,6,5,3,5,4,6,7,6,5,7,2,6,7,6,6,6,3,6,3,4,2,7,2,7,6,3,6,2,7,1,6,2,4,5,1,1,2,6,6,5,2,2,5,6,6,1,7,
Masculino,30,Mestrado,Ciência da computação,2014,10,6,Desenvolvedor,Ágil,10,60,6,3,4,3,6,6,3,6,4,5,5,6,6,6,6,6,6,6,6,6,5,6,7,4,5,5,5,5,6,5,5,5,4,5,6,5,4,4,2,3,3,4,5,4,2,3,3,4,3,3,4,3,5,5,2,6,
Masculino,31,Superior completo,Sistemas de Informação,2013,5,5,Testador,Ágil,16,2,7,7,7,7,7,7,7,7,6,6,7,7,7,6,7,7,7,7,7,5,5,5,6,3,4,5,4,3,3,2,2,6,2,2,7,4,5,4,2,4,6,2,6,5,4,2,5,4,4,2,2,2,5,7,4,5,
Masculino,33,Mestrado,Ciência da computação,2019,14,9,Desenvolvedor,Ágil,6,6,6,6,7,7,5,3,7,6,5,4,4,5,4,3,7,6,6,5,6,5,2,7,6,5,7,1,2,2,3,5,2,5,4,6,5,1,1,7,1,6,2,2,6,2,1,2,7,6,5,2,1,2,7,7,1,7,
Masculino,36,Superior completo,Ciência da computação,2013,14,14,Desenvolvedor,Ágil,36,1,6,7,2,6,7,6,2,6,5,6,6,6,7,6,6,6,7,6,6,7,7,7,7,6,7,1,7,7,7,7,1,7,7,7,7,1,7,1,1,1,7,7,7,7,4,7,7,4,4,7,7,7,1,3,4,4,
Masculino,35,Superior incompleto,Sistemas de Informação,2019,10,10,Testador,Ágil,2,2,6,6,5,7,6,6,7,6,6,6,5,5,5,6,5,7,4,4,5, , , , , , , , , , , , , , , , , , , , , , , , , , , , , , , , , , , , , ,
Masculino,33,Mestrado,Ciência da computação,2012,10,12,Desenvolvedor,Ágil,13,9,4,6,6,5,4,4,7,4,4,5,5,6,5,3,6,7,7,6,5, , , , , , , , , , , , , , , , , , , , , , , , , , , , , , , , , , , , , ,
Masculino,23,Superior completo,Sistemas de Informação,2018,3,3,Desenvolvedor,Ágil,7,2,5,4,4,7,7,7,5,7,7,7,7,7,5,7,6,7,5,7,5,3,5,7,3,2,5,2,3,2,3,2,3,4,4,6,4,2,3,6,1,6,5,2,6,2,1,1,7,7,5,4,1,6,7,7,1,7,
Masculino,24,Superior completo,Análise e desenvolvimento de sistemas,2018,2,1,Desenvolvedor,Ágil,16,11,5,7,1,4,4,3,4,5,4,7,3,3,3,1,1,7,7,6,7,7,7,7,5,7,5,5,4,5,5,1,7,6,1,6,5,1,7,7,1,3,4,4,5,1,1,4,7,7,7,6,1,5,4,6,1,7,
Masculino,27,Mestrado,Ciência da computação,2017,8,1,Desenvolvedor,Ágil,24,24,7,7,7,7,4,4,7,4,7,4,3,5,5,7,7,7,5,7,7,7,3,4,3,2,3,1,4,4,5,5,4,5,3,7,4,3,7,7,1,4,7,7,7,3,2,7,2,4,7,3,1,7,4,6,2,5,
Masculino,23,Superior completo,Sistemas de Informação,2018,5,3,Analista,Ágil,60,24,4,5,3,6,3,3,6,4,5,3,4,4,3,4,7,4,4,4,3,7,7,2,7,2,6,1,6,1,7,3,2,2,2,7,6,1,2,2,1,3,5,3,6,3,4,4,2,2,5,7,1,7,3,2,4,4,
Masculino,34,Mestrado,Ciência da computação,2014,10,11,Desenvolvedor,Ágil,9,9,5,4,3,6,7,6,6,3,5,5,6,7,6,7,5,5,6,5,5,1,7,7,6,4,6,2,5,3,6,1,1,7,6,7,7,1,7,5,1,2,7,6,5,7,5,7,5,6,6,7,1,6,2,2,5,3,
Masculino,25,Superior completo,Sistemas de Informação,2018,3,2,Desenvolvedor,Tradicional,180,1,5,7,5,4,7,4,3,4,3,4,3,5,7,4,7,4,6,5,7,7,5,2,3,1,6,3,7,5,5,2,2,2,4,5,3,5,4,5,7,3,5,3,5,2,4,2,4,2,6,4,7,4,4,4,4,4,
Masculino,50,Superior completo,Análise e Desenvolvimento de Sistemas,2014,28,5,Analista,Ágil,1,1,3,4,2,7,6,2,6,4,5,5,4,6,4,3,4,7,6,6,6,7,1,7,7,5,7,3,4,2,4,4,7,7,4,7,4,4,7,5,1,1,3,6,6,4,1,7,7,4,4,4,1,4,1,4,1,7,
Masculino,32,Superior completo,Sistemas de Informação,2019,8,5,Desenvolvedor,Ágil,13,8,7,7,5,7,5,7,7,4,6,5,6,7,5,6,6,7,7,7,7,4,3,2,3,4,2,2,6,6,2,3,3,2,6,2,2,2,3,5,1,4,3,1,5,1,1,1,5,4,6,3,1,3,6,7,1,5,
Masculino,27,Especialização,Ciência da computação,2019,7,7,Desenvolvedor,Ágil,24,12,1,7,4,7,5,2,5,5,4,5,7,7,4,6,5,7,7,7,5,7,7,7,7,7,4,1,6,5,1,2,1,7,5,2,3,1,7,6,1,4,7,7,4,1,1,7,7,5,4,7,1,7,4,5,1,6,
Masculino,37,Superior completo,Sistemas de Informação,2011,8,8,Gerente,Híbrida,216,84,4,6,6,6,5,3,6,5,6,6,6,4,5,4,5,7,7,4,7,7,2,7,4,2,7,1,2,2,7,2,6,4,6,7,7,4,7,4,4,2,7,7,6,3,1,7,4,4,4,7,4,7,4,4,1,7,
Masculino,24,Superior completo,Sistemas de Informação,2018,4,4,Desenvolvedor,Ágil,36,17,4,7,6,6,7,7,7,5,6,5,6,6,4,5,4,7,7,7,6, , , , , , , , , , , , , , , , , , , , , , , , , , , , , , , , , , , , , ,
Masculino,26,Superior completo,Análise e Desenvolvimento de Sistemas,2015,7,6,Desenvolvedor,Ágil,300,1,5,7,6,7,7,6,7,7,7,6,5,7,7,6,7,7,7,7,7,4,1,4,4,1,5,1,5,4,5,1,1,5,2,4,4,3,2,7,1,7,4,2,7,1,1,3,7,7,6,1,1,4,7,7,1,6,
Masculino,23,Especialização,Ciência de dados e analytics,2019,2,2,Analista,Ágil,12,12,7,7,7,7,7,7,7,7,7,7,7,7,7,7,7,7,7,7,7,7,7,7,7,7,7,7,7,7,7,7,7,7,7,7,7,7,1,7,1,7,7,1,7,1,1,1,1,7,7,1,7,1,7,7,1,7,
Masculino,28,Superior completo,Sistemas de Informação,2013,4,4,Desenvolvedor,Híbrida,20,20,7,7,4,6,6,5,7,5,6,7,5,7,5,4,5,7,6,7,7,5,5,5,5,2,7,1,3,5,4,4,7,5,5,5,5,5,1,7,1,5,5,4,7,3,2,3,5,6,5,4,2,5,6,6,2,7,
Masculino,22,Superior incompleto,Sistemas de Informação,2019,10,10,Infraestrutura,Tradicional,1,1,6,5,4,5,5,5,7,6,5,5,6,7,5,7,4,6,6,6,5,3,3,5,4,4,4,3,3,3,3,3,5,3,5,4,3,2,1,5,1,6,6,5,5,1,1,1,6,6,6,3,1,4,7,7,1,7,
Masculino,31,Especialização,Sistemas de Informação,2016,9,9,Analista,Ágil,1,1,5,6,7,7,6,5,7,7,7,6,7,6,4,4,7,7,7,6,6,1,5,2,2,6,2,2,1,2,2,1,2,4,6,7,1,5,3,5,1,5,4,5,6,1,1,1,7,7,7,1,1,1,6,6,1,6,
Masculino,25,Superior completo,Análise e Desenvolvimento de Sistemas,2015,6,5,Analista,Ágil,4,4,7,7,7,7,4,5,7,7,7,4,4,7,7,4,7,1,7,6,6,5,7,6,6,5,7,5,7,7,6,6,7,6,4,7,7,6,1,7,1,5,4,4,6,1,1,1,7,7,7,1,1,1,5,6,1,7,
Masculino,29,Superior completo,Sistemas de Informação,2012,8,5,Testador,Ágil,11,11,6,7,4,5,5,6,7,6,6,5,6,5,5,5,4,7,6,7,6,5,3,3,5,2,3,2,2,2,4,2,3,3,5,2,2,2,3,7,1,7,2,1,7,3,1,1,6,5,7,5,1,3,6,7,1,7,
Masculino,22,Superior incompleto,Sistemas de Informação,2020,1,1,Desenvolvedor,Ágil,24,6,5,6,2,4,3,6,3,3,3,4,5,6,2,6,6,5,5,5,5,6,5,5,7,7,7,3,7,3,7,4,5,7,2,6,6,7,3,2,2,5,3,3,2,3,4,1,6,4,3,4,2,3,5,7,4,4,
Masculino,25,Superior incompleto,Ciência da computação,2020,2,1,Desenvolvedor,Híbrida,18,10,7,7,3,6,5,5,5,4,6,4,4,4,5,1,6,7,6,7,7,7,4,6,7,7,7,3,4,5,5,3,1,6,5,5,4,7,6,1,6,5,1,3,1,5,2,3,6,2,2,4,6,5,5,7,2,6,
Masculino,44,Superior incompleto,Sistemas de Informação,2019,18,1,Analista,Ágil,7,3,5,4,3,4,5,4,5,4,5,3,4,4,5,4,6,7,5,6,6,5,5,2,2,7,4,3,3,7,5,5,4,4,4,4,5,2,1,5,1,6,4,2,4,1,1,2,7,6,5,1,1,6,7,7,1,6,
Masculino,29,Mestrado,Ciência da computação,2019,5,5,Desenvolvedor,Ágil,48,19,7,7,4,6,7,6,6,6,6,6,6,5,6,5,5,7,7,6,7,5,2,5,5,6,1,3,3,2,4,2,2,2,7,3,1,2,1,6,1,6,5,2,5,1,1,1,1,6,4,2,1,2,7,7,1,6,
Masculino,41,Mestrado,Ciência da computação,2012,17,17,Desenvolvedor,Ágil,36,24,6,7,7,6,6,4,7,6,6,6,2,3,3,4,4,7,7,2,6,5,5,6,5,5,7,1,5,1,5,5,2,5,5,4,6,1,7,4,1,5,3,6,6,1,1,3,7,6,5,3,1,2,6,6,1,7,
Masculino,35,Especialização,Sistemas de Informação,2007,5,2,Analista,Ágil,12,3,6,5,4,4,6,4,5,4,5,4,3,7,6,6,6,6,5,7,5,5,1,5,6,7,6,3,3,5,5,2,1,4,4,3,6,4,1,3,5,5,2,2,4,1,1,1,5,5,5,1,1,1,4,6,1,5,
Masculino,30,Mestrado,Ciência da computação,2017,9,9,Desenvolvedor,Híbrida,2,2,5,6,4,4,6,5,5,3,3,3,3,5,5,6,5,6,4,5,3,6,7,5,5,7,5,3,3,4,4,5,4,7,3,5,3,5,6,5,2,4,3,3,5,7,4,6,6,5,4,6,3,6,4,4,4,4,
Masculino,26,Superior completo,Engenharia eletrônica,2019,3,1,Desenvolvedor,Ágil,4,4,3,6,4,7,5,7,7,6,7,7,4,7,5,7,7,5,7,7,7,2,2,7,7,2,7,2,6,2,3,1,2,6,2,6,5,7, , , , , , , , , , , , , , , , , , , , ,
Masculino,23,Especialização,Pós Em Banco de Dados,2020,5,2,Desenvolvedor,Tradicional,36,24,5,5,7,7,7,6,7,5,5,7,6,7,7,5,7,7,7,6,7, , , , , , , , , , , , , , , , , , , , , , , , , , , , , , , , , , , , , ,
Masculino,22,Superior incompleto,Sistemas de Informação,2020,2,1,Desenvolvedor,Ágil,13,11,5,4,7,3,5,3,5,5,2,5,1,7,5,4,7,7,2,4,5,5,7,6,5,7,6,1,2,4,6,4,2,5,3,5,6,7,2,6,2,5,4,2,6,1,1,2,7,7,6,3,2,5,6,6,1,6,2
Masculino,29,Especialização,Análise e desenvolvimento de sistemas,2018,6,6,Desenvolvedor,Ágil,12,3,7,7,7,7,7,7,7,7,7,7,7,7,7,7,7,7,7,7,5,7,3,5,5,4,7,3,3,6,5,7,4,6,6,5,6,4,7,7,5,3,6,5,7,5,5,5,6,6,6,7,5,5,4,4,5,3,
Masculino,24,Superior incompleto,Sistemas de Informação,2019,2,1,Desenvolvedor,Ágil,2,2,4,7,7,4,7,5,4,4,7,5,4,7,5,6,7,7,7,6,7,2,1,4,7,7,4,1,6,3,6,1,1,3,6,5,6,7,3,3,3,5,1,6,5,1,1,6,7,7,4,1,1,5,7,7,1,7,
Masculino,24,Superior completo,Ciência da computação,2018,4,2,Analista,Híbrida,60,20,4,5,7,5,6,7,7,7,6,6,6,5,6,5,7,7,7,6,7,5,7,6,4,3,4,2,6,6,5,5,3,5,3,5,5,2,5,7,1,4,1,3,6,2,1,2,7,7,6,3,1,2,4,1,1,6,
Masculino,30,Superior completo,Ciência da computação,2017,2,2,Desenvolvedor,Ágil,14,12,3,6,5,4,6,5,6,5,4,4,4,5,5,5,6,7,7,5,6,7,7,6,6,7,7,7,6,2,7,4,7,7,4,5,6,7,2,3,4,4,4,6,4,2,3,7,7,4,5,6,5,6,5,6,3,5,
Masculino,37,Doutorado,Engenharia de Software,2017,11,3,DBA,Ágil,7,7,7,6,7,7,7,6,7,6,7,7,7,7,7,6,7,7,7,7,6,1,4,4,3,4,2,3,3,2,4,3,2,3,6,3,3,4,1,7,2,6,3,5,6,1,1,2,7,7,7,2,1,6,6,6,1,7,1
Masculino,24,Especialização,Sistemas de Informação,2017,2,2,Desenvolvedor,Híbrida,5,18,3,3,2,1,4,1,2,4,3,3,3,7,3,4,3,6,5,4,5,4,6,6,6,7,6,6,3,4,6,7,2,6,4,7,6,2,5,2,5,1,1,6,2,1,1,5,7,6,4,5,1,5,5,7,1,7,
Masculino,31,Especialização,Ciência da computação,2012,5,1,Desenvolvedor,Ágil,3,1,7,7,5,7,7,7,5,6,7,4,5,7,7,7,7,7,7,6,7,3,1,7,7,1,7,1,2,3,7,2,1,4,4,4,3,4,1,7,1,6,1,2,5,2,1,1,7,7,7,1,1,4,7,7,1,7,
Masculino,42,Especialização,Ciência da computação,2009,20,11,Desenvolvedor,Tradicional,6,2,7,7,7,5,5,5,7,6,5,5,6,7,7,7,7,7,7,7,7, , , , , , , , , , , , , , , , , , , , , , , , , , , , , , , , , , , , , ,
Masculino,40,Superior completo,Processamento de dados,2006,19,19,Desenvolvedor,Ágil,12,1,7,7,7,7,7,7,7,7,7,7,7,7,7,7,7,7,7,7,7,7,1,2,7,4,4,2,4,2,7,7,5,4,4,7,7,7,1,7,1,7,1,1,7,1,1,1,7,7,7,1,1,1,7,7,1,6,
Masculino,32,Superior completo,Sistemas de Informação,2017,15,11,Desenvolvedor,Híbrida,8,8,5,7,6,7,7,7,7,6,5,7,5,7,7,7,7,7,7,7,7,7,7,7,4,7,3,2,1,2,7,5,3,6,5,7,2,1,2,3,4,2,4,6,4,6,6,6,3,2,4,6,5,6,2,2,6,1,
Masculino,30,Superior completo,Sistemas de Informação,2015,5,4,Desenvolvedor,Ágil,3,2,4,6,3,6,6,5,5,6,6,6,4,6,6,5,6,7,6,7,7,2,4,3,2,3,3,1,4,5,3,1,2,2,2,3,2,3,3,5,1,5,2,2,4,2,1,2,7,5,3,3,1,4,7,7,1,7,
Masculino,36,Superior completo,Sistemas de Informação,2006,13,1,Desenvolvedor,Ágil,60,10,7,6,6,5,6,7,7,4,7,5,7,5,4,1,6,7,7,6,5, , , , , , , , , , , , , , , , , , , , , , , , , , , , , , , , , , , , , ,
Masculino,29,Superior completo,Sistemas de Informação,2019,10,10,Desenvolvedor,Ágil,24,14,5,7,6,4,5,3,6,6,5,6,6,4,5,5,6,6,5,5,6,4,1,4,3,1,5,2,2,2,4,1,3,5,7,6,3,1, , , , , , , , , , , , , , , , , , , , ,
Masculino,30,Mestrado,Engenharia da Computação,2016,10,8,Desenvolvedor,Híbrida,18,4,5,7,6,5,6,6,6,6,5,6,5,6,6,5,5,7,6,6,6,6,3,5,6,4,6,3,4,4,5,6,3,4,3,6,5,5,3,6,2,5,3,4,6,2,1,2,5,5,6,3,1,3,6,6,1,7,
Masculino,30,Superior completo,Sistemas de Informação,2015,13,13,Desenvolvedor,Ágil,10,10,6,6,7,6,4,6,7,5,6,6,5,6,6,5,6,7,6,6,7,7,7,6,6,3,7,2,4,6,6,5,5,5,6,7,6,6, , , , , , , , , , , , , , , , , , , , ,
Masculino,23,Superior incompleto,Engenharia Mecânica,2020,2,1,Analista,Ágil,84,3,4,7,6,7,7,4,7,4,4,4,4,7,7,7,7,7,7,7,7,4,1,1,1,4,4,1,4,7,4,4,4,4,4,1,4,6,1,7,1,7,1,1,7,1,1,1,7,7,7,1,1,7,7,7,1,6,
Masculino,23,Superior completo,Ciência da computação,2018,1,1,Desenvolvedor,Ágil,60,5,4,6,4,5,4,5,4,6,6,6,4,4,3,6,7,7,7,5,6,7,5,5,4,5,3,4,1,1,5,5,4,5,4,5,3,6,5,4,1,6,5,3,6,5,1,1,7,7,5,1,1,1,7,7,1,6,
Masculino,22,Superior incompleto,Ciência da computação,2020,3,1,DBA,Ágil,3,3,5,7,7,7,7,7,7,6,7,7,7,7,7,7,7,7,7,7,7,1,1,7,4,7,4,5,6,2,7,1,2,4,7,1,1,7,1,7,1,7,1,1,7,1,1,1,7,7,7,1,1,1,7,7,1,7,
Masculino,23,Superior completo,Sistemas de Informação,2019,2,2,Analista,Ágil,36,12,6,7,7,3,7,7,7,6,5,7,5,7,7,7,6,6,6,7,7,7,7,5,7,2,7,1,6,7,7,7,3,7,2,7,7,6,7,7,7,2,7,7,7,7,6,7,1,1,7,7,7,7,1,3,6,1,
Masculino,29,Superior completo,Engenharia mecânica,2016,10,10,Desenvolvedor,Ágil,1,1,7,5,4,5,5,7,6,7,6,7,5,5,5,5,6,5,6,6,5, , , , , , , , , , , , , , , , , , , , , , , , , , , , , , , , , , , , , ,
Masculino,25,Superior completo,Ciência da computação,2018,1,1,Desenvolvedor,Ágil,15,12,2,3,6,3,6,5,6,4,3,5,4,7,5,5,5,7,6,6,6,5,4,5,3,3,6,1,5,2,5,2,2,3,3,4,6,2,6,5,2,1,5,4,5,4,5,2,5,4,6,7,1,4,3,4,5,3,
Masculino,28,Superior incompleto,Ciência da computação,2021,7,7,Desenvolvedor,Híbrida,50,8,6,6,6,6,5,5,6,6,6,6,5,6,6,6,5,6,6,6,6,5,2,3,3,7,4,2,4,3,4,5,4,4,5,5,2,4,5,4,6,4,3,7,3,5,2,6,7,4,6,7,7,7,3,6,2,6,
Masculino,32,Superior completo,Sistemas de Informação,2016,4,2,Desenvolvedor,Ágil,14,5,5,7,5,3,6,5,5,4,5,5,4,7,7,7,5,7,7,7,7,5,7,7,7,7,7,7,5,6,7,1,5,7,4,7,7,7,1,5,1,7,4,3,5,1,1,3,7,7,5,3,1,4,7,7,1,7,
Masculino,35,Doutorado,Ciência da computação,2014,14,10,Gerente,Ágil,3,3,7,7,6,7,7,5,7,7,7,6,6,5,5,7,6,7,6,7,6,3,1,3,4,5,4,2,2,3,2,2,1,4,7,7,4,2,1,6,1,7,4,1,7,1,1,1,7,7,7,1,1,3,6,7,1,7,
Masculino,44,Doutorado,Ciência da computação,2006,20,10,Gerente,Ágil,36,36,6,5,6,7,7,5,6,5,6,5,6,7,6,6,7,7,6,6,6,7,6,6,6,7,6,7,5,7,7,2,2,6,5,6,5,5,1,6,1,7,1,2,6,1,1,1,6,7,6,1,1,2,7,7,1,5,
Masculino,24,Superior completo,Ciência da computação,2018,3,3,Desenvolvedor,Ágil,8,5,7,7,6,6,4,2,7,7,7,5,7,6,4,7,4,7,7,7,7,1,1,2,7,1,6,2,6,4,2,1,3,2,4,2,5,6,2,7,1,6,5,1,7,2,1,1,7,7,5,3,1,1,7,7,1,6,
Masculino,40,Especialização,Sistemas de Informação,2019,18,2,Analista,Ágil,120,36,6,6,7,6,6,5,6,4,7,7,6,7,7,7,7,6,4,7,6,5,4,6,6,6,4,5,5,2,6,2,2,4,5,7,3,6,1,6,1,5,4,1,7,1,1,1,7,7,7,2,1,2,7,7,1,7,
Masculino,30,Especialização,Banco de Dados,2015,7,7,Testador,Ágil,20,20,6,5,4,6,6,4,7,6,4,5,5,5,5,6,7,7,6,6,6,5,6,2,5,6,2,6,3,2,6,2,2,4,6,6,2,2,2,5,1,5,2,2,5,1,1,1,6,4,5,2,1,2,5,6,1,7,
Masculino,21,Superior incompleto,Sistemas de Informação,2022,2,2,Desenvolvedor,Ágil,12,8,7,7,7,7,7,7,7,7,7,7,7,7,7,7,7,7,7,7,5,1,7,7,7,1,7,1,7,7,7,7,7,7,7,7,7,1,7,7,1,4,7,1,7,4,1,7,7,2,7,7,1,7,4,7,1,7,
Masculino,25,Superior incompleto,Ciência da computação,2019,4,3,Desenvolvedor,Híbrida,60,13,7,6,5,7,7,7,5,4,4,5,7,7,7,3,7,5,7,5,5,6,7,1,2,1,5,1,3,5,7,3,1,5,3,5,1,1,5,7,1,3,4,1,7,1,1,1,7,4,7,1,1,1,3,2,1,5,
Masculino,36,Superior completo,Sistemas de Informação,2011,9,7,Testador,Ágil,12,12,5,5,4,6,4,3,3,6,3,4,6,5,6,6,6,7,6,6,6,6,2,6,6,4,6,2,6,5,5,4,4,5,4,6,5,2,4,3,2,2,1,2,5,4,4,3,5,4,4,6,2,7,3,2,4,4,
Masculino,18,Superior incompleto,Sistemas de Informação,2021,1,1,Desenvolvedor,Ágil,36,7,7,6,3,5,7,4,5,6,5,7,5,6,5,6,7,7,7,7,7,5,6,2,3,5,2,5,2,2,4,4,1,5,3,5,5,1,1,5,1,7,7,6,6,1,1,1,7,6,4,3,1,5,5,7,1,7,
Masculino,23,Superior incompleto,Engenharia da Computação,2020,3,2,Desenvolvedor,Ágil,6,3,5,7,1,4,6,5,5,4,5,4,3,6,2,2,3,7,7,4,5,5,3,5,7,7,7,1,2,5,7,4,1,5,5,7,5,5,3,5,1,6,5,3,6,1,1,2,7,5,4,5,2,5,5,6,1,7,
Masculino,28,Superior completo,Ciência da computação,2014,6,6,Desenvolvedor,Híbrida,6,6,6,7,7,3,6,5,6,6,5,6,6,6,6,7,6,7,6,7,6,5,4,6,5,6,6,5,7,7,5,4,6,6,4,7,4,5,7,6,2,3,5,7,6,5,4,5,7,7,6,3,3,3,3,2,4,4,
Masculino,28,Especialização,Sistemas de Informação,2013,9,7,Analista,Ágil,24,2,6,6,6,7,7,6,6,7,7,7,6,7,7,7,7,7,7,7,6,5,4,5,3,3,5,3,3,5,5,2,2,4,5,5,3,1,6,4,2,5,5,3,5,1,1,1,7,7,4,4,2,3,5,5,1,7,
Masculino,32,Superior completo,Ciência da computação,2012,8,10,Testador,Ágil,36,36,4,7,6,7,5,4,6,6,7,7,7,4,3,4,4,3,7,6,5,7,7,7,7,2,7,2,4,5,7,4,2,7,7,6,7,1,7,7,1,1,5,6,7,5,5,6,5,6,7,6,1,7,1,2,5,3,
Masculino,24,Mestrado,Ciência da computação,2020,2,1,Desenvolvedor,Ágil,12,1,5,7,7,5,6,6,5,5,7,6,5,6,5,3,7,7,7,7,5,2,4,4,4,5,5,2,2,1,5,2,1,4,3,2,4,4,1,5,1,6,4,1,6,1,1,1,5,6,5,1,1,1,7,6,1,7,
Masculino,42,Superior completo,Sistemas de Informação,2013,6,6,Analista,Ágil,18,18,6,7,5,7,7,7,7,7,7,6,7,7,4,5,6,6,5,7,7,7,5,5,6,5,5,1,5,7,7,6,1,5,4,6,6,7,5,6,1,5,1,2,6,2,1,1,7,6,6,1,1,2,7,7,1,7,
Masculino,28,Superior completo,Analise e desenvolvimento de sistemas,2016,7,4,Desenvolvedor,Ágil,2,2,5,5,4,5,4,3,4,4,3,3,4,5,5,3,5,7,5,4,6,2,2,4,6,6,4,5,5,5,4,3,2,6,5,6,4,4,6,3,3,4,4,6,4,5,4,5,6,4,4,6,4,5,4,5,4,4,
Masculino,29,Especialização,Ciência da computação,2017,8,8,Desenvolvedor,Tradicional,48,48,7,7,4,5,4,4,5,5,6,4,6,6,4,3,6,7,7,5,6,7,3,6,6,6,7,2,4,5,7,1,5,5,6,7,7,5,7,5,4,3,7,7,5,4,4,5,6,3,5,5,2,7,4,5,4,4,
Masculino,25,Superior incompleto,Sistemas de Informação,2019,8,4,Desenvolvedor,Híbrida,10,9,7,7,7,6,6,4,6,6,7,6,6,7,7,5,7,7,7,7,7,4,5,5,5,5,4,1,1,5,5,1,2,7,7,5,5,5,2,7,1,6,1,1,6,1,1,1,7,7,7,1,1,2,7,7,1,7,
Masculino,23,Superior incompleto,Engenharia da Computação,2021,1,1,Gerente,Ágil,8,8,5,7,6,6,7,7,6,5,4,6,5,7,7,7,7,7,7,7,5,6,6,5,5,1,1,2,1,5,7,2,1,4,5,7,3,6,1,6,1,7,1,1,5,1,1,3,7,7,6,1,1,2,5,5,1,7,
Masculino,25,Superior completo,Desenvolvimento de Games,2018,2,2,Desenvolvedor,Ágil,28,4,6,5,7,7,7,6,7,7,7,7,7,7,7,7,7,7,6,7,6,2,1,3,1,1,2,1,6,5,1,2,4,2,6,1,1,2,3,7,1,7,7,2,7,1,1,1,7,7,7,1,1,1,7,7,1,7,
Masculino,26,Mestrado,Engenharia da Computação,2020,3,4,Analista,Híbrida,4,4,3,5,5,4,5,6,6,4,5,5,4,6,6,5,6,7,6,6,5,4,6,3,2,4,4,4,3,5,2,4,2,5,4,5,5,4,2,5,2,7,3,5,5,1,1,3,5,7,6,2,1,3,7,7,1,5,
Masculino,44,Doutorado,Ciência da computação,2018,25,25,Gerente,Híbrida,2,2,7,7,7,7,7,7,7,7,7,7,7,7,7,7,7,7,7,7,7,3,2,2,2,2,4,1,3,5,2,2,3,2,3,4,3,5,1,7,1,7,1,1,7,1,1,1,7,7,7,1,1,1,7,7,1,7,
Masculino,26,Especialização,Ciência da computação,2018,6,6,Desenvolvedor,Híbrida,16,1,5,7,5,7,6,3,6,6,7,5,2,6,4,4,7,7,7,7,7,7,3,7,7,7,6,7,3,5,3,1,2,2,4,5,7,6,1,5,1,5,1,5,5,1,1,2,7,7,5,3,2,5,5,3,1,6,
Masculino,32,Especialização,Ciência da computação,2013,8,8,Testador,Ágil,3,3,6,7,6,6,6,5,6,7,5,6,6,7,7,6,7,6,6,7,2,5,4,2,5,4,4,2,2,2,3,1,3,3,6,2,6,3,1,7,1,7,1,1,6,1,1,1,7,7,7,4,1,2,7,7,1,6,
Masculino,29,Superior incompleto,Ciência da computação,2019,7,6,Desenvolvedor,Ágil,8,8,5,4,4,7,5,7,5,7,7,7,7,6,5,6,6,5,6,5,5,7,5,6,6,7,1,2,2,1,5,6,5,6,3,6,3,7,6,7,1,2,6,2,7,5,1,4,7,4,6,4,3,5,4,4,1,7,
Masculino,25,Superior completo,Engenharia de Controle e Automação,2018,3,3,Desenvolvedor,Ágil,36,12,5,7,7,7,5,7,6,6,7,6,7,7,6,6,7,7,7,7,7,2,5,6,5,6,5,2,5,2,5,3,1,2,6,4,2,4,2,7,1,7,1,3,7,1,1,1,7,7,7,2,2,2,5,7,1,7,
Masculino,26,Superior incompleto,ADS,2019,8,5,Desenvolvedor,Ágil,120,10,5,5,5,5,5,5,6,5,5,5,4,5,5,5,5,7,5,4,5,7,6,7,6,5,4,4,5,5,7,6,4,4,5,6,5,2,4,6,1,5,2,4,6,2,2,4,6,5,5,4,2,7,5,6,2,6,
Masculino,24,Superior incompleto,Ciência da computação,2020,10,2,Testador,Tradicional,48,13,7,7,7,7,7,5,7,7,7,7,6,5,7,4,7,7,7,6,7,7,7,7,7,4,3,7,7,7,7,4,7,7,3,7,7,7,6,5,5,1,4,6,5,7,5,6,3,2,2,7,4,7,3,5,5,3,
Masculino,34,Superior completo,Ciência da computação,2015,10,5,Desenvolvedor,Ágil,1,1,5,7,4,3,4,2,5,7,4,3,3,7,7,7,7,7,7,6,4,2,2,3,4,2,2,2,3,3,2,2,3,2,4,4,1,4,1,5,1,7,1,1,5,1,1,1,7,1,5,5,1,1,6,7,1,5,
Masculino,24,Especialização,Análise e desenvolvimento de sistemas,2017,3,3,Desenvolvedor,Híbrida,24,6,7,7,7,7,5,7,7,5,4,7,1,7,7,7,7,7,7,7,7,7,7,5,7,1,7,1,7,7,7,1,5,7,3,4,7,1,6,7,1,3,7,7,5,1,1,4,7,4,6,7,1,7,5,7,1,7,
Masculino,34,Doutorado,Ciência da computação,2023,9,8,Gerente,Híbrida,2,2,7,7,7,7,6,7,5,6,7,7,6,6,7,7,7,7,7,6,7,4,1,5,1,5,2,3,4,7,1,2,1,3,6,6,3,7, , , , , , , , , , , , , , , , , , , , ,
Masculino,34,Doutorado,Ciência da computação,2023,9,2,Gerente,Híbrida,2,2,7,7,7,7,6,7,6,7,7,7,7,7,7,7,7,7,7,7,7,3,1,3,2,3,3,3,3,7,2,2,1,3,6,6,2,7,2,7,1,5,2,2,7,2,1,4,7,7,6,7,1,7,5,6,1,7,
Masculino,26,Mestrado,Estatística,2018,1.5,1.5,DBA,Híbrida,8,8,6,7,4,6,6,6,7,6,6,5,6,4,5,7,6,5,7,7,6,5,4,2,4,7,4,5,2,1,4,4,1,5,6,2,6,5,1,6,2,6,3,2,6,1,1,2,7,6,6,2,2,4,6,6,1,5,
Masculino,30,Superior completo,Engenharia da Computação,2018,6,3,Gerente,Ágil,3,3,5,5,4,6,5,4,7,4,6,4,5,6,6,5,6,7,7,5,7, , , , , , , , , , , , , , , , , , , , , , , , , , , , , , , , , , , , , ,
Masculino,43,Superior completo,Ciência da computação,2011,27,17,Desenvolvedor,Ágil,4,4,6,6,6,5,5,5,5,5,5,6,5,6,7,6,7,7,7,6,7,5,2,5,5,1,7,1,2,2,5,3,1,3,5,6,7,1,1,2,1,6,3,2,5,1,1,2,7,7,5,2,1,6,6,7,1,7,
Masculino,25,Superior completo,Sistemas de Informação,2016,4,2,Desenvolvedor,Híbrida,6,6,7,3,5,4,7,6,7,6,6,5,5,6,5,5,5,7,6,5,7,6,7,6,4,7,2,5,6,2,5,5,7,6,3,7,4,3,1,6,2,5,7,4,7,2,3,1,7,7,6,4,1,1,5,5,3,5,
Masculino,25,Superior completo,Sistemas de Informação,2016,4,4,Desenvolvedor,Ágil,36,3,6,7,5,5,7,5,6,7,7,5,4,6,7,7,7,7,7,6,7,6,6,5,5,5,3,4,6,4,7,7,1,6,5,4,3,6,1,5,1,5,4,1,6,1,1,1,6,5,5,5,1,1,7,7,1,7,
Masculino,28,Superior incompleto,Sistemas de Informação,2019,7,4,Analista,Híbrida,2,2,7,4,5,5,5,4,7,5,6,5,5,7,7,5,7,7,7,4,5,5,4,5,5,4,5,5,2,4,5,3,1,4,5,4,4,5,1,7,1,7,4,1,7,1,1,1,7,7,7,3,1,6,7,7,1,7,
Masculino,29,Superior incompleto,Ciência da computação,2020,2,1,Desenvolvedor,Ágil,20,6,6,7,6,7,6,7,7,6,7,6,6,6,7,7,7,7,7,7,7,5,6,5,5,4,2,4,4,4,5,5,5,5,6,6,4,4,1,7,1,7,4,1,6,1,1,2,7,6,6,3,1,5,7,7,1,5,
Masculino,36,Superior completo,Ciência da computação,2017,11,8,Desenvolvedor,Híbrida,12,0,5,6,6,4,5,6,5,4,6,6,5,5,6,5,6,7,5,6,6,7,6,5,3,5,4,4,7,6,6,4,2,4,3,4,6,6,1,6,1,5,5,2,5,2,1,1,6,6,5,6,1,1,6,6,1,7,
Masculino,24,Superior completo,Sistemas de Informação,2018,2,2,Desenvolvedor,Ágil,48,24,7,7,5,6,6,5,6,6,6,7,5,7,6,6,7,7,7,7,6,7,6,4,5,7,2,7,1,2,6,1,2,4,6,5,2,5,1,6,1,7,2,2,6,1,1,1,7,6,6,1,1,4,6,6,1,7,
Masculino,34,Especialização,Sistemas para internet,2010,15,6,Designer,Híbrida,7,7,7,7,5,7,7,4,6,6,7,7,7,7,7,7,6,7,7,7,7,3,5,3,3,6,3,1,4,1,4,6,3,3,7,4,3,3,5,5,1,5,5,2,6,3,2,5,7,6,7,2,1,2,7,7,2,6,
Masculino,26,Superior completo,Ciência da computação,2015,7,7,Desenvolvedor,Ágil,24,24,6,7,7,7,5,7,7,6,7,7,3,7,7,5,7,7,7,7,4,7,7,7,7,7,7,1,3,7,7,5,1,7,7,5,7,1,1,7,1,5,7,1,7,1,1,1,7,7,7,1,1,1,7,7,1,5,
Masculino,26,Especialização,Ciência da computação,2018,4,4,Testador,Híbrida,120,25,6,7,5,5,6,5,7,5,5,5,5,5,6,5,6,7,4,5,6, , , , , , , , , , , , , , , , , , , , , , , , , , , , , , , , , , , , , ,
Masculino,30,Especialização,Ciência da computação,2018,10,4,Analista,Ágil,36,10,6,7,6,7,5,2,7,4,5,3,3,7,7,7,7,7,5,4,7,4,2,7,7,5,7,4,2,2,7,5,1,5,3,4,5,1,4,7,1,6,4,1,7,5,2,1,6,4,7,3,2,3,5,5,2,6,
Masculino,39,Superior completo,Sistemas de Informação,2008,14,11,Analista,Ágil,6,6,5,5,5,4,5,4,7,4,5,4,4,5,4,5,6,7,7,6,6,6,4,4,5,3,5,1,1,5,5,4,1,4,4,6,4,1,2,5,1,7,6,2,5,1,1,1,5,6,5,2,1,2,7,7,1,7,
Masculino,22,Superior completo,Ciência da computação,2018,3,3,Desenvolvedor,Ágil,60,3,7,6,2,7,7,6,5,3,2,5,4,7,6,3,7,7,6,3,1,5,7,5,3,5,5,3,6,4,5,7,1,5,3,7,5,2,5,2,3,3,2,6,4,4,3,5,7,4,3,6,4,5,4,5,3,5,
Masculino,25,Superior completo,Sistemas de Informação,2017,3,2,Desenvolvedor,Híbrida,20,14,5,6,4,3,5,4,5,4,6,5,5,5,7,7,6,3,6,6,5,6,7,5,4,5,7,4,5,5,7,5,5,7,3,7,7,6,7,4,4,1,1,4,6,4,4,5,6,3,5,5,4,4,1,1,4,4,
Masculino,32,Superior completo,Engenharia da Computação,2014,6,6,Desenvolvedor,Ágil,12,12,6,6,6,5,6,6,7,6,6,6,6,7,6,5,6,7,6,7,6,7,6,7,6,6,6,2,6,6,7,6,6,7,5,4,4,6,6,6,3,5,5,5,7,1,1,3,7,6,6,6,1,6,6,6,1,5,
Masculino,22,Superior completo,Sistemas de Informação,2019,1,1,Desenvolvedor,Ágil,42,15,6,7,5,5,6,5,7,6,6,5,5,6,7,6,7,7,7,6,6, , , , , , , , , , , , , , , , , , , , , , , , , , , , , , , , , , , , , ,
Masculino,27,Superior completo,Sistemas de Informação,2015,3,3,Analista,Ágil,132,12,7,5,7,6,6,7,7,7,7,7,7,7,4,7,3,6,7,7,7,7,5,7,7,5,6,2,7,7,7,2,3,4,6,3,3,2,2,7,1,6,3,2,7,3,2,1,7,7,7,5,1,7,5,7,2,6,
Masculino,33,Especialização,Sistemas de Informação,2012,8,8,Analista,Ágil,36,11,7,7,6,6,7,5,7,7,7,7,7,7,6,6,7,7,7,6,6,6,2,2,2,1,2,1,6,2,5,6,1,4,6,4,3,1,6,6,2,3,1,2,6,6,2,6,7,7,6,5,2,1,4,5,2,6,
Masculino,25,Superior completo,Ciência da computação,2017,3,3,Desenvolvedor,Ágil,1,1,4,7,4,5,7,3,7,5,4,5,4,7,7,6,7,7,7,7,6,4,5,4,5,4,4,1,1,1,5,3,1,5,3,7,3,1,5,5,3,4,2,5,4,2,2,4,4,4,4,4,4,4,4,4,2,6,
Masculino,29,Superior incompleto,Ciência da computação,2020,8,6,Testador,Tradicional,8,8,6,6,6,3,5,2,6,6,7,7,6,4,2,3,4,3,5,5,5,3,7,7,7,2,7,3,7,6,7,5,7,5,4,7,6,7,4,6,1,6,1,6,7,1,1,5,7,4,7,1,1,7,5,3,1,7,
Masculino,31,Especialização,Ciência da computação,2014,8,8,Testador,Ágil,12,9,6,6,5,5,5,6,6,5,5,6,4,4,7,5,6,7,7,5,6,6,5,5,6,2,4,2,2,2,4,3,2,4,6,4,2,3,1,5,1,5,1,4,7,1,1,3,7,5,4,2,1,4,5,6,1,7,
Masculino,30,Mestrado,Ciência da computação,2018,9,9,Desenvolvedor,Ágil,1,1,5,7,5,5,7,5,6,5,7,6,6,7,7,4,7,5,6,6,5,7,4,6,6,6,7,2,7,7,7,6,5,6,5,6,5,4,5,4,6,5,7,1,7,1,1,1,6,3,7,1,2,1,4,5,1,7,
Masculino,27,Superior completo,Sistemas de Informação,2013,9,9,Analista,Ágil,48,40,6,6,6,4,5,5,7,5,6,6,7,5,5,6,6,5,7,5,6,5,3,3,5,6,2,2,2,4,4,3,4,2,6,5,4,1,2,6,1,5,2,2,6,1,1,2,6,6,4,2,3,2,6,6,1,7,
Masculino,30,Superior completo,Ciência da computação,2012,7,7,Desenvolvedor,Ágil,60,3,5,7,5,3,4,3,4,6,4,5,5,4,6,6,6,7,7,5,7,7,3,1,4,5,3,1,2,3,5,5,1,3,5,4,2,1,2,4,1,5,5,3,4,1,2,3,5,4,4,2,2,2,5,5,2,6,
Masculino,27,Especialização,Ciência da computação,2019,4,4,Desenvolvedor,Ágil,4,4,5,5,5,7,5,6,7,4,4,6,4,7,7,1,5,7,6,6,7,7,7,7,7,7,7,7,7,7,7,7,7,7,3,7,7,7,7,6,4,2,4,7,7,7,4,7,7,4,7,7,4,7,4,4,4,4,
Masculino,21,Superior completo,Nenhum por enquanto,2019,3,3,Analista,Ágil,36,36,7,7,4,4,3,2,4,6,7,7,6,3,7,5,5,6,7,4,7,6,3,7,5,2,4,1,5,6,6,5,2,4,3,7,5,5,1,7,1,5,4,4,7,1,1,1,6,6,7,3,1,4,7,7,1,7,
Masculino,25,Superior incompleto,ADS,2020,5,5,Desenvolvedor,Ágil,6,3,5,7,5,4,7,7,7,7,7,7,7,7,5,4,7,7,5,7,7,4,7,7,7,7,7,1,4,7,5,7,5,7,5,7,7,3,5,4,2,7,4,5,6,4,1,1,7,7,6,5,1,5,7,7,1,7,
Masculino,34,Especialização,Ciência da computação,2008,13,12,DBA,Ágil,2,2,5,6,6,6,4,2,7,4,5,5,5,4,4,4,5,7,5,4,4,5,2,3,3,1,2,1,2,1,4,5,3,3,5,5,2,2,4,6,1,4,5,5,6,4,4,4,6,4,5,7,2,5,2,4,4,4,
Masculino,29,Superior incompleto,Sistemas WEB,2020,11,4,Desenvolvedor,Ágil,0,0,6,6,6,6,6,6,6,6,6,6,6,6,6,7,6,6,6,6,6,5,3,4,3,5,2,3,3,5,3,3,3,3,5,3,3,5,1,6,1,6,1,1,5,1,1,1,6,6,4,5,1,5,5,5,1,7,
Masculino,29,Superior completo,Sistemas de Informação,2019,2,2,Desenvolvedor,Ágil,36,24,6,7,4,5,7,6,5,5,4,4,5,5,5,5,6,7,6,5,6,3,1,6,7,2,5,1,2,2,6,1,1,5,6,3,5,4,1,5,2,6,5,2,4,1,1,1,7,5,5,2,3,2,6,7,1,7,
Masculino,36,Especialização,Sistemas de Informação,2019,16,15,DBA,Ágil,12,8,6,4,4,7,6,6,4,3,4,5,5,6,6,4,6,7,3,6,6,6,7,7,7,6,5,5,6,5,5,4,6,7,6,7,7,6,6,4,2,5,1,2,6,1,1,1,7,6,5,2,1,4,4,6,1,5,3
Masculino,36,Mestrado,Engenharia da Computação,2019,9,1,DBA,Ágil,4,4,7,5,6,6,4,6,7,7,7,6,7,5,6,7,6,7,4,6,7,2,5,1,2,1,2,5,1,2,1,2,5,4,4,6,3,3,1,6,1,6,1,1,7,1,1,1,7,7,7,1,1,1,7,7,1,7,
Masculino,32,Superior completo,Sistemas para Internet,2019,5,5,Desenvolvedor,Híbrida,48,1,4,7,3,5,5,7,3,6,4,5,5,6,6,2,7,7,5,4,4,7,2,7,4,7,6,2,7,7,7,4,5,3,3,7,5,3,6,4,1,3,5,5,6,3,1,4,5,2,2,5,1,2,5,2,1,7,
Masculino,27,Superior completo,Sistemas de Informação,2018,4,3,Desenvolvedor,Híbrida,16,2,6,7,7,7,6,7,5,7,7,6,7,7,7,7,7,7,7,7,6,6,4,5,5,6,6,1,4,6,7,5,6,7,6,6,6,3,6,7,3,3,6,5,7,5,5,4,7,6,7,6,1,6,4,4,5,3,
Masculino,22,Superior completo,Análise e desenvolvimento de Sistemas,2019,2,2,Desenvolvedor,Ágil,9,4,6,6,7,7,6,4,5,6,6,5,5,7,7,4,7,7,7,5,6,7,2,7,6,5,6,1,6,3,1,2,6,6,4,7,4,6,4,4,1,5,2,3,6,2,1,4,7,6,5,4,2,6,5,5,1,5,
Masculino,35,Mestrado,Informática,2021,9,9,DBA,Híbrida,24,12,5,6,7,6,5,5,6,5,5,5,4,5,6,4,6,7,5,5,6,5,7,5,4,3,4,2,4,5,3,7,5,4,4,5,4,5,3,6,1,5,5,4,6,4,1,3,3,7,7,5,1,3,6,7,1,7,
Masculino,29,Superior completo,Engenharia da Computação,2016,3,2,Desenvolvedor,Ágil,36,3,4,6,4,5,5,4,5,4,4,5,5,5,5,4,5,6,6,4,5,5,5,5,5,4,4,4,4,4,5,4,2,4,5,7,5,4,4,5,2,2,5,5,5,4,3,4,6,6,5,3,2,4,5,5,3,5,
Masculino,41,Superior completo,Análise e Desenvolvimento de software,2017,5,5,DBA,Tradicional,3,3,7,7,5,5,7,7,6,7,7,5,6,7,7,7,7,7,7,7,7, , , , , , , , , , , , , , , , , , , , , , , , , , , , , , , , , , , , , ,
Masculino,29,Especialização,Engenharia de Software,2018,8,7,Desenvolvedor,Ágil,2,2,2,4,5,5,6,2,6,5,3,3,4,6,7,4,6,6,5,6,2,1,5,4,1,4,4,2,2,2,1,1,1,2,5,5,1,1,7,5,3,2,1,7,5,4,4,7,5,1,6,7,4,6,1,2,4,4,
Masculino,30,Superior completo,Sistemas de Informação,2012,4,11,DBA,Ágil,24,24,7,7,6,6,6,7,7,7,7,6,7,7,4,5,7,7,7,6,7,2,7,6,7,1,5,2,2,2,5,2,3,4,5,7,4,4,6,7,1,6,4,4,6,6,1,4,7,7,6,4,1,5,6,6,1,7,2
Masculino,31,Superior completo,Sistemas de Informação,2016,7,6,Desenvolvedor,Híbrida,12,5,6,6,7,7,5,5,7,5,7,5,5,5,4,5,7,6,7,7,5,7,4,7,7,7,7,3,7,4,7,7,4,7,1,7,7,1,7,4,7,3,7,7,5,3,1,7,5,3,4,7,7,7,4,4,1,7,
Masculino,34,Especialização,Sistemas de Informação,2018,13,8,Analista,Ágil,10,9,2,3,6,6,4,6,6,6,7,6,1,7,6,6,4,5,5,5,7,7,7,7,7,7,7,7,7,7,7,7,7,7,7,7,7,7,7,6,6,6,6,7,7,7,7,7,7,7,7,7,7,7,4,2,7,1,
Masculino,26,Superior completo,Engenharia da Computação,2015,7,3,Gerente,Ágil,6,6,6,6,7,7,7,5,7,7,6,7,6,7,4,7,5,7,6,7,7,6,7,7,7,1,7,1,5,3,7,1,5,7,4,7,7,6,5,5,1,6,7,7,6,1,1,6,5,7,6,7,1,6,6,7,1,7,
Masculino,32,Mestrado,Ciência da computação,2009,9,7,Desenvolvedor,Ágil,3,3,7,3,7,7,2,5,7,6,6,5,7,4,2,3,2,4,3,5,6,6,1,5,6,3,3,1,4,3,6,3,3,5,4,5,7,1,2,7,1,6,3,4,7,1,1,3,7,7,6,2,2,4,6,6,1,5,
Masculino,27,Superior completo,Sistemas de Informação,2018,5,1,Analista,Ágil,12,9,7,7,5,5,7,7,7,5,7,7,7,7,7,7,7,7,7,7,4,5,3,3,4,1,3,1,2,3,6,1,1,2,4,6,2,1,1,7,1,6,4,3,7,1,1,1,7,7,7,4,1,3,6,5,1,7,
Masculino,27,Especialização,Análise e Desenvolvimento de Sistemas,2015,7,6,Desenvolvedor,Ágil,11,11,7,7,6,7,7,6,7,6,7,6,6,7,7,7,7,6,7,7,7,7,7,7,7,7,7,7,6,7,7,5,6,7,6,6,7,6,1,7,1,6,5,2,7,1,1,1,7,7,7,1,1,1,7,7,1,7,
Masculino,27,Superior completo,Ciência da computação,2016,3,3,Desenvolvedor,Ágil,60,3,7,4,5,4,6,6,6,6,6,6,6,6,7,5,5,3,7,7,7,2,1,6,5,5,3,3,1,1,6,3,2,2,6,2,1,4,4,6,2,5,7,2,6,2,1,1,6,5,6,1,4,1,5,6,1,7,
Masculino,26,Superior completo,Ciência da computação,2017,2,4,Testador,Ágil,37,14,7,7,5,5,5,6,7,7,6,6,6,5,3,6,5,7,7,5,7,6,3,7,7,4,6,1,5,5,7,7,2,4,7,5,2,6,3,6,1,6,5,5,5,5,1,3,7,7,6,5,2,5,6,6,1,5,
Masculino,40,Mestrado,Ciência da computação,2021,17,8,Gerente,Híbrida,24,24,6,5,4,5,5,4,7,6,6,6,6,6,7,6,7,7,6,5,7,6,5,7,7,5,5,3,5,5,4,5,5,5,5,7,7,4,4,6,2,4,2,1,6,4,4,2,5,5,5,3,1,1,5,5,4,4,
Masculino,42,Especialização,Sistemas de Informação,2010,20,18,DBA,Ágil,2,2,7,7,7,5,7,5,7,7,7,7,7,7,7,7,7,7,7,6,6,5,6,7,5,7,5,4,5,5,5,5,5,5,7,7,5,5,4,7,1,6,4,3,7,5,1,4,7,7,7,2,1,1,6,6,1,7,
Masculino,35,Especialização,Sistemas de Informação,2008,8,8,Desenvolvedor,Tradicional,2,2,5,6,4,3,7,5,6,6,5,7,5,6,7,4,6,4,6,5,7,6,7,6,6,2,5,2,2,2,5,5,5,3,4,2,2,1,1,7,1,5,3,1,5,1,1,1,7,6,6,1,1,1,5,5,1,7,
Masculino,36,Superior completo,Sistemas de Informação,2007,13,4,Gerente,Ágil,30,30,4,5,5,6,5,5,6,5,6,5,5,5,4,4,5,7,7,6,7,7,6,5,6,4,7,2,4,7,7,4,3,7,6,6,5,5,4,4,2,4,5,5,5,4,5,4,6,4,3,4,1,7,5,6,5,3,
Masculino,28,Mestrado,Sistemas de Informação,2014,7,7,Gerente,Tradicional,10,10,7,6,7,6,6,7,7,4,5,7,6,6,6,3,6,5,5,7,4,6,2,6,7,4,5,3,6,6,4,3,4,2,5,7,6,1,6,5,2,4,7,6,6,3,1,6,5,6,3,6,2,6,5,3,1,7,
Masculino,29,Superior completo,Sistemas de Informação,2015,6,5,Desenvolvedor,Híbrida,0,5,7,7,2,7,6,5,3,7,7,7,7,7,5,5,7,7,6,7,7,4,7,7,7,1,7,7,7,7,7,7,4,7,2,7,7,2,7,7,4,3,7,6,7,7,1,7,5,2,4,7,2,7,4,4,1,5,
Masculino,35,Superior completo,Desenvolvimento de Software,2008,11,4,Analista,Híbrida,4,4,4,6,6,5,3,4,7,7,4,5,5,5,3,5,5,7,6,6,6,7,7,7,7,3,7,1,5,6,7,4,7,7,5,7,7,6,3,7,5,6,2,5,7,1,1,4,7,5,7,4,1,7,5,7,1,7,
Masculino,29,Superior completo,Análise e desenvolvimento de Sistemas,2015,9,4,Analista,Híbrida,4,4,7,7,6,6,7,3,7,6,7,6,6,6,7,5,7,7,7,7,6, , , , , , , , , , , , , , , , , , , , , , , , , , , , , , , , , , , , , ,
Masculino,26,Superior completo,Ciência da computação,2019,10,4,Desenvolvedor,Ágil,7,5,4,5,5,6,4,5,6,4,5,5,4,6,6,4,7,7,5,4,5,5,4,4,4,5,3,5,5,1,6,3,2,2,4,5,3,1,2,5,1,6,2,1,6,1,1,1,7,7,5,3,1,3,6,6,1,5,
Masculino,30,Mestrado,Ciência da computação,2014,6,5,DBA,Híbrida,1,1,3,6,6,6,7,5,7,5,4,6,3,7,6,1,6,7,7,7,6,1,2,1,2,3,6,1,1,7,2,1,2,1,2,3,2,1,7,4,3,1,5,1,5,4,2,2,6,2,3,7,2,5,2,1,2,6,
Masculino,30,Superior completo,Sistemas de Informação,2015,7,7,Desenvolvedor,Ágil,96,43,7,7,5,7,7,5,7,7,7,1,5,7,7,6,7,7,7,7,7,6,2,6,7,1,5,1,5,5,2,5,6,7,6,5,3,4,1,7,1,5,7,2,7,5,2,1,7,6,7,1,1,1,5,5,2,6,
Masculino,34,Especialização,Banco de Dados Oracle,2014,7,5,DBA,Ágil,36,8,6,6,6,6,7,6,6,6,7,5,5,4,6,6,4,6,7,7,3,3,6,4,2,2,3,1,3,6,4,5,4,2,6,7,2,2,4,6,1,6,3,1,6,1,1,1,7,6,6,1,1,1,6,6,1,7,
Masculino,24,Superior incompleto,Ciência da computação,2022,4,4,Desenvolvedor,Ágil,6,1,7,7,5,7,6,7,7,6,5,7,4,7,7,7,7,7,7,7,6, , , , , , , , , , , , , , , , , , , , , , , , , , , , , , , , , , , , , ,
Masculino,27,Superior completo,Análise e desenvolvimento de sistemas,2018,7,6,Desenvolvedor,Ágil,1,1,5,7,6,7,4,6,7,5,5,7,5,7,6,3,6,7,6,7,5,1,1,4,1,4,5,3,5,5,5,5,1,7,5,7,2,7,7,5,1,5,1,5,5,3,3,5,7,7,6,5,2,7,4,5,3,5,
Masculino,24,Superior incompleto,Ciência da computação,2023,2,1,Desenvolvedor,Tradicional,5,5,5,6,5,5,5,6,6,6,4,5,5,7,4,4,6,7,5,6,6,4,4,4,4,4,4,4,4,4,4,4,4,4,4,4,4,4,4,4,4,4,4,4,4,4,4,4,4,4,4,4,4,4,5,5,4,4,
Masculino,28,Superior completo,Sistemas de Informação,2015,6,3,DBA,Ágil,12,1,5,7,6,5,6,6,6,5,6,6,6,6,6,7,7,6,7,7,5,3,5,4,3,4,2,2,4,2,5,2,4,2,4,7,4,5,2,6,1,6,5,4,5,1,1,3,7,5,6,4,1,5,5,3,1,7,
Masculino,26,Superior completo,Administracão de Empresas,2015,5,2,Desenvolvedor,Ágil,12,10,6,6,6,4,5,3,3,4,5,6,5,5,3,5,5,7,7,6,7,5,1,2,2,7,1,1,6,3,5,6,1,2,5,2,2,6,5,4,3,6,3,5,4,2,3,5,6,3,3,4,3,4,6,6,3,5,
Masculino,23,Superior incompleto,Ciência da computação,2020,2,1,Desenvolvedor,Ágil,24,3,7,7,6,7,7,7,7,7,5,7,7,7,6,4,6,4,4,5,3,1,3,7,7,1,6,7,3,1,3,1,1,7,6,1,7,1,1,7,1,7,7,1,4,1,1,1,5,7,7,1,1,1,7,7,1,7,
Masculino,24,Superior completo,Ciência da computação,2018,3,3,Analista,Ágil,48,22,6,6,6,6,6,6,7,7,7,7,6,7,7,5,7,6,7,7,7,7,7,7,7,7,7,2,7,5,7,4,7,5,4,7,7,5,6,7,1,6,4,3,7,1,1,2,7,5,7,5,1,2,1,4,1,7,
Masculino,35,Especialização,Engenharia da Computação,2008,15,10,Gerente,Ágil,10,10,7,7,7,7,7,7,7,7,7,7,7,7,7,7,7,7,7,7,7,4,5,5,4,1,3,4,5,5,4,3,1,3,6,1,4,3,1,7,1,6,4,1,7,1,1,1,7,7,5,1,1,1,6,7,1,6,
Masculino,39,Superior incompleto,Sistemas de Informação,2020,26,1,Gerente,Híbrida,39,36,6,7,7,7,4,7,7,7,7,7,6,5,4,7,7,7,7,7,7,4,4,4,6,4,5,2,7,7,5,3,4,4,2,7,6,3,1,6,1,6,6,6,7,1,1,3,7,7,7,2,1,7,7,7,1,7,
Masculino,33,Mestrado,Ciência da computação,0,10,8,DBA,Híbrida,10,10,6,6,7,7,7,7,6,5,6,6,6,7,7,6,6,5,5,7,5,2,5,5,5,4,4,5,4,3,6,5,5,5,2,5,6,2,2,6,2,6,1,1,7,2,1,2,7,7,6,2,2,5,6,6,1,7,
Masculino,42,Superior completo,Processamento de Dados,2000,20,10,DBA,Ágil,3,3,6,7,6,6,6,6,7,6,6,7,6,6,5,4,7,7,7,6,6, , , , , , , , , , , , , , , , , , , , , , , , , , , , , , , , , , , , , ,
Masculino,28,Superior completo,Analise e Desenvolvimento de Sistemas,2014,4,4,Desenvolvedor,Ágil,4,3,7,7,7,3,7,7,7,7,6,2,5,7,7,6,7,7,7,6,7,1,2,2,3,3,3,3,1,1,1,2,1,1,5,2,2,1,1,7,1,7,1,1,7,1,1,1,7,7,7,1,1,1,7,7,1,6,
Masculino,35,Especialização,Especialização em BigData e Ciencia de Dados,2019,15,15,Desenvolvedor,Ágil,3,3,7,7,5,3,7,7,6,7,6,3,3,7,7,7,7,5,7,6,3,2,7,7,7,1,7,1,7,1,7,7,1,7,7,1,7,7,1,7,1,7,7,1,7,1,1,1,7,7,5,1,1,1,7,7,1,7,
Masculino,24,Superior completo,Ciência da computação,2019,3,3,Analista,Ágil,120,3,4,6,4,7,7,7,5,7,5,6,5,5,7,7,7,7,7,7,7,4,4,7,7,6,1,7,2,2,5,5,1,7,7,1,2,6, , , , , , , , , , , , , , , , , , , , ,
Masculino,24,Superior incompleto,Sistemas de Informação,2020,1,1,Analista,Ágil,10,10,6,5,6,6,6,3,7,5,5,6,5,3,5,5,5,7,6,6,7,5,5,4,6,7,3,5,3,2,6,5,2,6,4,7,3,1,1,5,1,6,2,1,5,1,1,1,7,5,6,2,2,1,6,6,1,7,
Masculino,27,Superior incompleto,Sistemas de Informação,2019,2,1,Desenvolvedor,Híbrida,60,12,7,7,6,5,7,7,7,3,7,7,5,2,7,7,7,6,4,5,4,7,7,7,4,3,5,3,4,5,7,3,7,4,1,4,7,1,5,7,1,4,4,1,7,1,1,1,7,7,7,3,1,1,4,5,1,6,
Masculino,25,Superior completo,Sistemas de Informação,0,4,4,Analista,Híbrida,12,3,7,7,5,7,7,4,7,4,7,7,4,7,7,7,7,7,7,7,7,7,7,1,4,7,7,7,7,7,4,1,7,4,2,7,4,7,1,7,1,7,1,1,7,1,1,1,7,7,7,3,1,1,7,7,1,7,
Masculino,23,Superior incompleto,Sistemas de Informação,2019,5,2,Desenvolvedor,Tradicional,30,11,5,7,4,4,5,3,5,6,6,4,4,5,5,5,7,7,7,7,5,5,2,3,2,2,2,2,2,2,3,3,3,4,7,2,2,4,2,5,1,7,4,5,5,1,1,3,7,7,6,4,2,7,7,7,1,7,
Masculino,25,Superior incompleto,Sistemas de Informação,2020,3,3,Desenvolvedor,Ágil,12,10,4,6,4,4,5,3,5,3,4,5,3,5,4,4,6,7,7,5,4,4,6,7,6,5,4,4,4,3,6,6,5,6,4,5,3,6,4,6,3,4,4,4,5,3,3,3,5,6,6,6,3,3,5,5,3,5,
Masculino,53,Especialização,Ciência da computação,1997,32,16,Gerente,Híbrida,0,0,7,7,6,7,6,5,6,6,7,7,6,7,7,7,7,7,7,7,7,4,3,6,5,6,5,6,6,4,6,6,6,4,6,7,5,5,2,6,1,6,1,2,6,2,2,2,7,7,6,2,1,2,6,6,2,6,
Masculino,27,Superior completo,Ciência da computação,2013,7,7,Desenvolvedor,Ágil,48,24,7,7,7,5,4,5,4,6,7,5,5,4,6,7,7,7,7,7,4,7,1,3,2,2,2,1,3,2,2,5,2,3,7,3,1,2,1,7,1,7,1,1,7,1,1,1,7,7,7,1,1,1,7,7,1,7,
Masculino,37,Especialização,Sistemas de Informação,2006,15,1,Gerente,Híbrida,10,10,7,7,7,7,6,6,7,5,6,5,3,7,7,5,6,7,7,7,6,5,3,2,3,7,5,2,3,3,6,1,5,5,4,5,5,4,6,6,1,4,3,4,6,2,2,4,6,4,4,2,6,2,4,4,2,6,
Masculino,37,Especialização,Ciência da computação,2015,4,4,Desenvolvedor,Ágil,3,3,6,6,6,6,5,1,6,7,6,4,4,4,5,6,5,7,6,5,7, , , , , , , , , , , , , , , , , , , , , , , , , , , , , , , , , , , , , ,
Masculino,22,Superior incompleto,Engenharia da Computação,2022,3,3,Desenvolvedor,Ágil,24,4,5,7,4,5,6,7,6,7,6,5,4,7,7,6,7,7,7,7,7, , , , , , , , , , , , , , , , , , , , , , , , , , , , , , , , , , , , , ,
Masculino,28,Especialização,UX Design,2016,4,3,Designer,Ágil,15,15,5,6,7,2,5,3,5,6,5,6,5,5,6,2,6,7,7,6,7,3,5,5,6,7,5,3,6,3,6,2,2,5,5,7,7,3,4,5,1,7,4,2,6,5,1,1,7,6,5,3,1,3,7,7,1,7,
Masculino,24,Superior incompleto,Ciência da computação,2021,0,6,0,6,Desenvolvedor,Ágil,0,5, ,7,7,6,7,6,7,7,6,6,6,6,7,7,6,7,7,7,6, ,7,3,2,5,6,5,3,6,2,4,5,4,5,4,6,4, ,6,5,3,3,4,6,6,2,2,4,7,3,3,1,7, ,7,
Masculino,23,Superior incompleto,Ciência da computação,2021,2,1,Testador,Híbrida,187,15,7,6,5,5,6,2,6,6,7,7,5,7,4,3,7,7,7,6,7,5,4,1,5,5,7,1,2,2,4,1,4,4,2,3,1,7,3,7,1,7,1,2,7,1,1,1,6,6,6,2,2,5,7,6,1,7,
Masculino,25,Superior completo,Ciência da computação,2017,4,4,Desenvolvedor,Ágil,3,3,3,4,4,5,5,5,6,4,5,4,4,7,3,6,7,7,7,6,5,7,5,6,4,6,6,1,3,7,3,4,6,5,3,4,6,4,2,7,1,6,2,2,4,1,1,3,7,7,5,1,3,5,6,6,1,6,
Masculino,29,Superior completo,Ciência da computação,2015,7,7,Desenvolvedor,Ágil,10,10,5,6,5,5,5,5,6,6,5,6,5,7,5,7,7,5,6,6,5,7,4,7,5,7,5,3,5,5,5,5,2,5,5,6,4,3,5,5,1,5,1,7,7,3,2,7,7,7,7,7,1,7,5,5,2,6,
Masculino,27,Superior completo,Administração,2018,6,1,Analista,Ágil,6,6,7,5,6,6,6,6,6,5,7,7,5,6,7,6,7,7,7,6,7,4,6,3,3,5,5,2,2,3,2,7,3,4,5,4,7,5,6,5,4,3,1,3,6,2,2,2,7,5,4,2,1,3,5,4,2,7,
Masculino,33,Especialização,Sistemas de Informação,2014,10,3,Gerente,Ágil,8,8,6,6,7,6,5,4,6,4,6,4,4,6,6,5,6,7,6,6,5,7,6,7,6,4,5,1,2,7,7,5,7,6,6,7,6,1,5,6,1,4,5,4,7,4,1,5,6,5,6,1,1,4,6,6,1,7,
Masculino,28,Especialização,Design,2019,5,1,Gerente,Ágil,18,9,5,5,3,3,3,6,3,5,5,5,5, ,6,5,5,4,6,5,5,7,5,5,6,6,5,6,6,6,5,7,5,5,6,5,5,7,6,2,3,2,6,6,2,6,4,5,3,3,2,6,5,7,3,2,4,4,
Masculino,35,Superior completo,Ciência da computação,2011,10,8,Analista,Híbrida,4,4,4,6,5,7,6,3,7,3,5,5,5,2,3,3,4,4,6,5,5,2,4,7,7,7,7,7,7,5,7,5,2,5,3,4,7,7,6,7,4,5,1,3,7,4,2,3,4,2,7,5,5,4,4,4,2,7,
Masculino,23,Especialização,Desenvolvimento de aplicações móveis,2020,5,5,Desenvolvedor,Híbrida,10,10,7,7,6,7,7,7,4,7,7,7,7,7,7,7,7,7,7,7,7,1,7,6,6,6,5,6,1,6,6,6,1,6,5,6,3,3,1,7,1,7,5,1,7,7,1,1,7,7,7,1,1,2,7,7,1,7,
Masculino,24,Superior completo,Engenharia da Computação,2021,2,1,Desenvolvedor,Híbrida,6,6,3,5,6,3,4,5,5,4,2,4,3,7,4,5,6,7,5,3,5,7,6,7,7,5,7,4,5,4,7,7,7,7,4,7,7,7,7,4,3,3,6,7,6,3,3,7,6,5,4,7,3,7,3,3,3,5,
Masculino,38,Superior incompleto,Gestão Tecnologia da informação,2021,25,3,DBA,Híbrida,0,0,7,7,4,7,7,7,4,7,7,6,7,7,7,7,7,7,7,7,7,7,4,5,5,5,4,5,5,5,5,7,4,4,5,4,4,7,7,4,3,3,6,7,3,2,2,7,5,4,4,7,3,7,3,3,2,6,
Masculino,56,Especialização,Sistemas de Informação,2019,35,10,DBA,Ágil,2,2,5,5,7,6,5,6,7,3,6,5,6,7,7,6,6,5,5,6,6,3,5,5,5,6,6,2,3,3,4,3,4,5,5,6,6,5,4,6,1,6,1,1,6,1,1,1,6,7,6,2,1,1,7,7,1,6,
Masculino,23,Superior incompleto,Ciência da computação,2020,3,3,Desenvolvedor,Ágil,9,3,7,7,4,7,7,5,4,7,7,7,4,7,7,7,7,7,7,7,7,2,1,1,1,3,1,1,1,1,1,1,1,2,7,1,1,2,1,7,1,7,3,1,5,1,1,1,7,7,7,1,1,3,7,7,1,7,
Masculino,25,Superior incompleto,Design Gráfico,2020,5,2,Designer,Ágil,24,12,5,6,5,6,6,6,6,5,4,5,5,6,7,7,7,7,7,6,7,4,6,6,6,6,6,1,2,2,6,3,1,5,3,6,3,5,2,5,1,6,1,2,6,2,1,2,6,7,6,2,1,3,7,5,1,6,
Masculino,35,Especialização,Ciência da computação,2016,8,2,Desenvolvedor,Ágil,52,5,7,6,7,7,6,5,6,6,6,7,6,6,7,7,7,7,6,6,7,5,7,5,5,6,6,1,6,6,4,6,5,4,6,5,1,2,1,7,1,7,2,1,7,6,2,1,7,7,7,2,1,4,7,7,2,6,
Masculino,20,Superior completo,Ciência da computação,2019,2,2,Desenvolvedor,Ágil,24,12,6,6,5,5,4,5,5,6,4,6,4,6,6,4,6,7,5,6,6,2,5,7,4,7,4,3,6,3,7,6,1,6,6,1,5,6,6,7,1,5,1,5,6,1,7,4,7,7,7,7,1,4,6,7,7,1,
Masculino,25,Superior completo,Sistemas de Informação,2016,1,1.5,Analista,Tradicional,15,12,5,7,4,5,5,6,5,7,5,7,5,6,5,4,6,7,7,7,7,7,5,6,6,3,6,3,3,4, ,7,7,5,4,6,5,7,7,3,3,4,6,7,5,3,5,7,5,3,5,7,3,7,3,3,5,3,
Masculino,29,Superior completo,Engenharia da Computação,2014,6,6,Desenvolvedor,Ágil,8,1,6,7,7,7,7,7,7,6,5,4,4,4,4,3,7,7,7,7,7,7,5,5,4,1,2,1,3,3,7,5,1,4,7,3,4,7,7,7,1,1,1,7,7,1,5,7,3,5,7,7,3,7,1,5,5,3,
Masculino,33,Superior completo,Ciência da computação,2008,12,2,Analista,Híbrida,2,2,5,7,4,4,5,5,2,6,7,6,5,5,3,5,6,6,6,6,7,4,5,5,6,6,6,3,3,6,7,3,2,5,2,6,4,2,7,3,3,4,6,7,6,3,3,7,6,3,3,7,3,7,3,3,3,5,
Masculino,36,Mestrado,Ciência da computação,2006,11,6,Analista,Híbrida,12,36,7,7,7,7,7,7,7,6,7,7,4,7,7,7,7,7,7,7,7,2,3,2,6,3,2,2,2,5,6,4,2,2,6,6,2,4,1,7,1,7,2,1,6,1,1,1,7,7,7,1,1,1,7,7,1,7,
Masculino,28,Mestrado,Ciência da computação,2017,10,1,Desenvolvedor,Ágil,120,3,7,7,5,4,7,4,4,4,6,7,7,6,4,6,4,7,7,6,7,4,1,4,5,5,3,1,6,1,5,4,1,1,7,5,1,1,1,6,1,7,3,1,5,1,1,1,7,4,3,1,1,1,6,7,1,7,
Masculino,35,Especialização,Sistemas de Informação,2012,13,12,Analista,Híbrida,18,18,7,7,7,7,7,7,7,7,7,7,7,7,7,7,7,7,7,7,7,7,7,7,6,5,7,6,7,6,5,5,6,7,7,7,6,7,3,5,1,6,2,5,7,7,1,6,7,7,7,4,1,5,7,7,1,7,
Masculino,31,Superior incompleto,Sistemas de Informação,2020,6,6,Analista,Tradicional,6,6,6,6,6,6,6,6,6,6,7,7,6,6,6,7,6,7,6,6,6,2,6,3,2,4,3,2,2,2,2,2,2,3,5,5,3,4,1,7,1,6,3,1,7,1,1,1,7,6,6,1,1,2,7,7,1,5,
Masculino,26,Superior completo,Sistemas de Informação,2018,3,3,Desenvolvedor,Ágil,6,6,3,6,6,6,7,7,6,5,6,6,5,6,6,5,6,6,6,5,5,7,7,7,6,2,4,1,6,4,7,6,7,6,2,7,4,6,4,5,5,3,6,6,5,4,4,6,4,4,5,5,4,7,4,4,4,4,
Masculino,36,Mestrado,Ciência da computação,2014,15,14,Desenvolvedor,Ágil,60,48,3,5,6,5,7,6,6,5,7,6,6,6,5,6,6,7,5,6,3, , , , , , , , , , , , , , , , , , , , , , , , , , , , , , , , , , , , , ,
Masculino,28,Doutorado,Ciência da computação,2023,7,2,Analista,Híbrida,2,2,5,6,5,5,7,6,6,3,5,6,6,5,6,5,4,6,6,5,5,5,7,7,7,6,6,2,6,6,7,5,7,7,2,7,3,3,6,6,1,4,2,7,7,6,2,7,4,6,6,6,2,6,4,5,2,6,
Masculino,23,Superior incompleto,Sistemas de Informação,2020,4,1,Analista,Ágil,4,10,6,6,5,6,6,5,6,7,6,5,5,6,7,5,5,7,6,7,7,2,3,2,6,2,3,4,2,3,3,3,3,5,6,4,4,3,1,6,1,6,2,1,6,1,1,2,7,6,3,2,1,5,6,7,1,7,
Masculino,21,Mestrado,Ciência da computação,2021,3,1,Analista,Ágil,6,6,6,7,5,7,7,5,6,7,6,6,6,7,6,5,7,7,7,6,6,2,5,3,1,1,2,1,1,1,1,2,4,5,6,1,3,4,1,6,1,6,1,1,5,1,1,1,7,6,6,1,1,2,6,7,1,7,
Masculino,27,Mestrado,Ciência da computação,2020,5,3,Analista,Ágil,12,4,5,7,4,7,7,6,6,6,5,5,5,6,5,6,6,7,7,7,7,5,2,6,2,2,5,1,5,2,7,1,2,4,5,4,3,6,1,6,1,6,1,1,6,1,1,1,7,7,6,4,1,4,6,7,1,6,
Masculino,35,Mestrado,Ciência da computação,2014,15,5,Gerente,Ágil,4,4,6,5,5,5,5,4,7,5,5,6,6,5,6,4,7,7,5,5,4,2,3,5,2,3,2,1,3,1,3,2,2,2,6,4,3,1,3,5,1,5,1,1,6,1,1,1,6,6,5,3,1,1,6,5,1,7,
Masculino,26,Mestrado,Ciência da computação,2018,2,2,Desenvolvedor,Tradicional,5,3,7,7,7,7,6,5,7,7,6,6,7,7,7,7,7,7,7,7,7,4,3,5,5,6,6,1,4,4,4,4,1,6,4,1,2,1,1,6,1,7,4,1,6,1,1,1,7,7,7,2,1,1,7,7,1,7,
Masculino,30,Superior incompleto,Ciência da computação,2021,8,1,Analista,Ágil,4,4,5,7,6,5,4,2,7,4,6,6,5,6,6,6,5,7,6,6,6,3,2,3,5,6,4,4,5,2,6,2,2,6,4,7,4,3,2,6,1,7,4,2,5,1,1,1,6,6,5,1,1,1,7,7,1,6,
Masculino,36,Superior completo,Engenharia da Computação,2009,14,14,Gerente,Ágil,60,16,5,7,6,5,5,6,6,4,4,6,5,7,6,6,6,6,7,5,5,5,5,7,7,5,5,3,2,1,7,3,4,6,4,6,2,2,1,5,1,6,1,1,5,1,1,1,7,7,6,2,1,3,6,7,1,7,
Masculino,25,Superior completo,Sistemas de Informação,2019,6,2,Desenvolvedor,Ágil,4,4,6,7,7,6,7,6,6,6,6,6,6,7,7,6,6,7,6,7,7,1,5,7,6,6,6,6,1,3,6,3,5,5,4,4,5,1,1,6,1,7,1,1,6,1,1,1,7,7,7,1,1,2,7,7,1,7,
Masculino,34,Superior completo,Tecnologia em Processamento de Dados,2006,15,13,Desenvolvedor,Ágil,36,6,7,7,7,3,5,4,6,3,5,5,5,5,4,3,6,7,7,6,6,5,4,7,6,7,4,2,5,3,7,6,3,4,3,4,5,2,6,5,6,3,1,7,2,7,3,5,4,2,5,7,6,7,3,5,3,5,
Masculino,31,Superior completo,Ciência da computação,2015,5,5,Desenvolvedor,Ágil,4,4,7,7,6,5,6,2,7,6,6,6,6,6,5,6,6,7,7,7,5,2,4,3,1,3,1,1,7,5,2,2,1,2,5,4,4,3,5,4,3,5,5,5,5,3,2,4,5,3,6,5,1,4,4,5,2,6,
Masculino,32,Superior completo,Sistemas de Informação,2014,7,7,Analista,Ágil,36,13,6,5,4,5,7,7,7,7,5,7,7,7,7,4,5,5,5,5,7,7,4,7,7,4,7,1,5,7,7,7,7,5,4,7,7,4,5,7,1,5,1,4,7,1,1,1,7,5,7,4,1,1,4,4,1,7,
Masculino,36,Superior completo,Sistemas de Informação,2011,11,8,Testador,Ágil,204,120,7,7,7,7,7,5,6,7,7,7,7,7,7,7,7,7,7,7,7,2,2,2,2,2,2,6,2,2,2,2,2,2,7,3,2,6,3,7,1,7,5,1,7,1,1,1,7,7,7,2,1,1,5,7,1,7,
Masculino,31,Doutorado,Ciência da computação,2020,8,6,Analista,Ágil,3,2,5,7,6,5,5,6,7,7,6,6,6,6,5,6,7,7,7,5,7,3,5,3,2,3,2,2,1,2,4,3,2,3,6,4,2,2,5,6,1,6,2,2,7,1,1,1,7,7,6,2,1,3,6,6,1,6,
Masculino,28,Superior incompleto,Tecnólogo em Sistemas para Internet,2020,10,1,Desenvolvedor,Tradicional,10,3,6,6,5,7,7,6,5,6,6,7,6,6,7,7,7,7,6,7,7,7,1,7,7,6,1,2,7,7,7,4,3,7,1,7,5,1,7,4,3,6,5,2,6,2,5,3,6,5,6,1,5,4,1,3,5,3,2
Masculino,28,Mestrado,Sistemas de Informação,2018,6,6,Desenvolvedor,Ágil,10,6,7,5,6,6,6,5,7,6,6,6,5,6,6,7,6,7,7,6,7,6,6,6,5,4,4,1,6,4,4,6,2,7,6,6,2,7,1,6,1,6,1,1,6,1,1,1,6,5,5,2,1,6,6,6,1,1,
Masculino,25,Superior incompleto,Ciência da computação,2019,3,3,Desenvolvedor,Híbrida,26,26,7,7,7,6,6,6,7,7,7,7,6,6,6,7,7,7,7,7,6,7,7,7,6,3,5,3,3,4,7,2,1,7,2,7,4,2,4,7,1,6,7,2,6,1,1,1,7,7,7,1,1,1,5,5,1,1,
Masculino,27,Superior completo,Análise e Desenvolvimento de Sistemas,2014,7,7,Desenvolvedor,Ágil,1,1,6,7,7,7,6,3,7,5,6,7,6,7,5,7,6,7,6,5,7,7,7,7,7,7,7,7,7,7,7,5,7,7,5,7,7,7,7,5,6,5,6,7,7,7,3,6,7,7,7,7,6,7,3,6,3,5,
Masculino,26,Especialização,Ciência da computação,2016,3,3,Testador,Híbrida,6,1,7,7,7,7,5,4,5,6,7,7,5,6,7,7,7,7,7,7,7,6,5,7,6,7,6,3,7,2,4,5,6,6,4,5,7,1,2,7,1,5,2,3,5,1,1,3,7,7,5,4,1,6,6,6,1,7,
Masculino,25,Superior incompleto,Sistemas de Informação,2016,7,7,Desenvolvedor,Ágil,3,3,7,7,7,7,7,5,7,5,7,4,5,7,7,7,7,7,2,7,7,1,7,1,1,1,1,1,2,1,5,2,3,5,6,5,3,1,1,7,1,7,1,1,7,1,1,1,7,7,7,5,1,4,5,5,1,6,
Masculino,23,Superior incompleto,Ciência da computação,2020,2,2,Desenvolvedor,Tradicional,3,3,7,7,5,7,4,3,7,7,7,7,5,6,7,7,7,7,7,7,7,7,7,7,7,4,4,2,5,6,7,7,1,7,4,3,5,7,5,6,1,7,7,2,7,3,1,5,7,7,6,7,1,2,7,7,1,7,
Masculino,24,Superior incompleto,Ciência da computação,2021,6,1,Desenvolvedor,Ágil,1,1,7,7,5,7,7,3,6,7,6,7,4,6,7,6,7,6,7,7,5,6,7,6,5,5,7,7,7,7,6,6,6,5,7,7,6,7,1,7,1,7,4,6,7,2,1,2,7,7,7,7,1,7,7,7,1,6,
Masculino,23,Superior completo,Ciência da computação,2017,5,1,Desenvolvedor,Híbrida,12,1,7,7,7,6,6,7,7,7,7,6,6,7,5,6,7,7,7,7,7,6,6,6,4,1,6,1,6,2,5,3,6,5,6,7,4,3, , , , , , , , , , , , , , , , , , , , ,
Masculino,30,Superior completo,Sistemas de Informação,2018,22,2,Desenvolvedor,Ágil,20,5,3,7,4,7,7,4,4,7,7,7,4,7,7,7,7,7,7,7,4,5,5,5,5,5,5,4,4,3,7,3,5,4,7,4,2,1,1,7,1,7,7,5,7,1,1,1,7,7,5,4,1,5,7,7,1,7,
Masculino,24,Superior incompleto,Análise e Desenvolvimento de sistemas,2020,7,1,Desenvolvedor,Tradicional,6,6,7,6,4,4,5,3,4,3,6,6,5,6,5,5,7,6,6,5,6,6,5,5,5,4,4,2,7,4,6,3,5,4,3,5,4,6,4,5,3,4,6,4,4,3,3,5,7,5,4,5,2,3,5,5,3,5,
Masculino,24,Superior incompleto,Engenharia de Telecomunicações,2021,2,2,Desenvolvedor,Ágil,2,2,4,6,4,2,6,5,5,5,3,5,3,6,6,6,7,7,7,6,7,2,7,7,6,7,4,5,4,2,7,1,5,5,5,3,4,1,3,5,1,5,1,3,5,1,1,1,7,5,4,4,1,5,5,5,1,7,
Masculino,38,Superior incompleto,Sistemas de Informação,2023,18,15,Desenvolvedor,Tradicional,14,14,7,7,5,5,5,7,6,6,5,5,5,7,4,6,6,7,7,7,7,7,5,7,7,5,7,1,6,3,7,3,4,5,3,7,3,5,5,3,4,1,7,5,4,5,3,6,7,7,4,7,1,7,5,6,3,5,
Masculino,25,Superior incompleto,Sistemas de Informação,2020,4,4,Desenvolvedor,Ágil,5,5,7,7,7,7,6,7,7,7,7,7,7,6,7,7,7,7,7,7,7,4,4,7,7,2,1,1,1,1,7,1,1,6,6,6,7,1,1,7,2,7,2,2,7,2,1,1,7,7,7,1,1,1,7,7,1,3,
Masculino,34,Especialização,Sistemas de Informação,2012,10,5,Desenvolvedor,Híbrida,2,2,4,7,6,6,6,5,7,6,6,5,5,5,5,6,6,6,7,5,7,5,3,6,5,5,6,2,5,4,6,3,3,6,4,7,7,2,5,5,2,5,2,2,5,5,2,1,5,5,5,2,1,3,5,6,2,6,
Masculino,20,Superior incompleto,Sistemas de Informação,2021,2,2,Desenvolvedor,Ágil,24,12,6,7,4,6,7,5,6,4,4,6,5,5,7,5,5,7,6,7,6,3,3,3,4,3,3,2,1,2,4,1,1,4,5,3,4,2,2,5,3,6,4,2,6,1,1,1,7,7,6,3,3,2,7,7,1,7,
Masculino,32,Especialização,Engenharia da Computação,2012,8,8,Testador,Ágil,36,6,3,4,5,4,7,6,5,2,4,7,6,6,6,7,7,6,6,4,4,7,7,3,6,7,7,3,6,5,6,6,3,5,3,7,6,3,6,4,2,4,7,7,6,4,4,7,6,6,2,7,5,7,4,4,4,4,
Masculino,32,Superior completo,Sistemas de Informação,2010,11,3,Gerente,Ágil,6,6,6,5,6,5,5,6,6,6,6,6,6,7,4,6,6,6,6,5,6,6,7,7,6,6,7,4,6,6,7,7,6,5,6,7,7,5,5,5,5,5,3,5,6,6,2,2,6,6,4,3,5,4,6,6,2,6,
Masculino,25,Superior incompleto,Sistemas de Informação,2020,2,2,Desenvolvedor,Tradicional,0,0,7,4,5,4,5,5,6,6,6,7,7,7,6,5,7,7,7,7,7,4,7,3,2,4,2,6,7,2,3,2,2,3,5,7,3,4,1,7,1,5,2,2,7,1,1,1,7,7,7,4,1,6,5,3,1,7,
Masculino,35,Especialização,Ciência da computação,2013,8,6,Analista,Híbrida,5,2,6,7,6,7,6,5,6,6,6,7,6,6,5,6,6,7,7,6,6,2,2,2,3,5,3,1,4,3,5,1,2,3,4,4,2,6,1,2,1,5,4,2,6,1,1,2,7,7,3,2,1,4,7,7,1,3,
Masculino,27,Especialização,Engenharia de Software,2014,9,8,Gerente,Ágil,12,8,7,7,6,7,6,6,7,5,7,7,6,7,6,7,6,6,7,6,7,7,7,7,7,3,7,2,7,3,7,3,4,7,5,7,7,1,4,5,2,5,5,5,6,1,1,1,6,5,5,6,2,6,5,5,1,7,
Masculino,32,Superior completo,Sistemas de Informação,2011,11,7,Desenvolvedor,Ágil,10,10,5,7,7,7,7,6,6,6,5,5,5,7,7,5,7,7,7,7,6,3,2,6,5,4,2,3,1,1,5,4,1,4,6,2,2,2,2,6,1,7,2,1,7,1,1,1,7,7,5,1,1,1,7,7,1,7,
Masculino,31,Superior completo,Sistemas de Informação,2008,10,8,Analista,Híbrida,6,6,5,7,6,7,4,5,6,6,5,5,5,5,4,6,4,5,6,6,6,4,5,7,5,6,7,5,4,4,4,4,6,7,5,5,5,6,7,6,1,6,6,4,6,1,6,1,7,7,5,1,1,5,6,6,6,2,
Masculino,28,Superior completo,Sistemas de Informação,2017,4,4,Desenvolvedor,Tradicional,6,6,4,5,7,5,7,6,7,6,6,5,5,6,7,7,5,7,7,7,7,5,7,7,7,5,7,7,6,7,7,5,7,6,2,7,7,4,4,6,4,5,7,7,7,5,1,4,5,5,5,7,5,7,6,6,1,6,
Masculino,23,Especialização,Sistemas de Informação,2019,2,2,Desenvolvedor,Tradicional,48,24,4,4,6,1,1,1,4,1,4,5,3,6,6,7,7,2,5,5,5,6,5,6,5,2,5,1,4,3,3,5,7,5,6,2,6,3,4,5,4,2,3,4,4,3,4,4,5,5,5,3,6,6,6,5,4,4,
Masculino,25,Especialização,Sistemas de Informação,2012,7,6,Desenvolvedor,Híbrida,3,3,7,5,7,6,5,6,7,6,6,7,7,5,5,5,6,7,7,6,6,1,5,3,4,7,2,6,1,2,5,2,2,3,2,7,4,2,6,3,3,5,7,7,6,2,1,3,6,5,5, ,2,4,6,6,1,7,
Masculino,34,Especialização,Ciência da computação,2008,14,6,Desenvolvedor,Ágil,12,3,5,6,6,6,6,5,4,5,6,5,6,7,6,6,5,7,6,6,5,5,4,5,4,2,2,2,2,2,5,2,2,5,6,5,5,2,5,4,1,4,1,1,6,1,1,1,6,6,5,1,1,1,4,4,1,7,
Masculino,40,Especialização,Sistemas de Informação,2010,22,7,Gerente,Híbrida,12,12,5,6,3,2,5,3,5,5,6,5,4,5,6,4,5,7,5,5,7,2,3,2,2,2,2,2,2,2,2,2,2,2,5,2,2,2,2,5,1,5,1,1,5,1,1,1,5,5,5,1,1,1,6,5,1,7,
Masculino,25,Superior incompleto,Ciência da computação,2020,7,2,Desenvolvedor,Ágil,1,8,6,6,5,7,6,7,7,5,3,7,4,7,5,7,6,7,7,4,6,6,5,4,5,4,4,4,4,4,5,5,6,5,4,5,5,5,7,5,2,5,7,7,6,3,2,6,6,5,6,7,2,7,6,3,2,6,
Masculino,41,Especialização,Sistemas de Informação,2000,21,1,Gerente,Híbrida,12,12,7,7,5,6,7,5,7,6,7,6,7,7,4,6,7,5,7,7,7,3,2,7,6,2,6,1,1,1,7,6,2,4,7,4,5,2,5,6,1,6,2,3,7,1,1,1,7,6,6,1,1,1,6,5,1,7,
Masculino,29,Mestrado,Engenharia da Computação,2016,3,2,Testador,Ágil,2,2,6,7,6,5,6,6,6,5,6,6,4,7,7,7,5,6,5,7,5,6,2,7,7,6,7,7,5,5,7,2,7,7,6,6,6,6,6,5,5,6,5,5,6,6,1,5,6,4,5,5,3,5,4,5,1,7,
Masculino,24,Superior completo,Ciência da computação,2018,5,5,Desenvolvedor,Ágil,5,5,7,7,5,7,7,7,6,7,7,7,4,7,7,7,7,7,7,7,5,2,2,4,7,5,1,1,1,7,7,2,1,3,7,1,1,5,1,7,1,7,1,1,7,1,1,1,7,7,7,1,1,4,7,7,1,7,
Masculino,20,Superior incompleto,Engenharia Elétrica,2024,1,1,Desenvolvedor,Ágil,24,5,5,7,5,2,7,5,4,7,7,7,7,7,7,3,7,7,5,7,7,7,3,3,1,5,1,4,1,1,4,2,1,5,4,4,1,6,1,7,1,5,1,5,7,1,1,1,7,7,7,2,1,7,5,7,1,7,
Masculino,22,Superior incompleto,Engenharia de software,2019,3,3,Desenvolvedor,Híbrida,6,8,7,7,5,4,6,7,7,6,5,6,6,7,7,7,7,7,7,7,6,3,2,2,5,3,3,2,4,3,3,2,2,2,5,4,4,2,2,6,2,6,2,2,4,1,1,1,4,4,5,1,1,1,5,7,1,7,
Masculino,25,Superior incompleto,Analise e Desenvolvimento de sistemas,2020,4,4,Desenvolvedor,Híbrida,120,24,6,6,7,7,7,5,6,5,7,5,5,5,6,6,6,6,5,5,4,7,3,7,5,5,7,3,7,5,4,5,6,5,2,7,7,2,5,6,3,6,4,5,6,4,2,4,5,5,5,1,1,2,6,5,2,6,
Masculino,26,Superior completo,Ciência da computação,2019,6,2,Desenvolvedor,Híbrida,18,11,6,6,2,5,5,4,5,6,5,4,3,5,4,6,3,7,6,5,5,7,7,7,7,5,7,1,3,3,5,5,1,5,3,6,4,3,6,3,1,3,5,5,6,3,3,5,6,2,3,2,1,6,4,2,3,5,5
Masculino,26,Mestrado,Ciência da computação,2019,2,2,Desenvolvedor,Híbrida,3,3,5,4,4,3,4,3,5,4,5,6,4,5,5,6,5,5,5,4,6,7,5,3,4,6,7,4,5,7,5,6,6,4,5,5,6,6,6,5,3,4,5,5,4,4,5,5,4,4,4,5,4,4,4,5,5,3,
Masculino,23,Superior completo,Sistemas de Informação,2016,5,4,Desenvolvedor,Ágil,24,12,5,6,3,5,4,4,6,6,4,5,4,6,4,5,6,7,6,5,6,3,6,5,3,4,2,6,6,5,6,3,6,6,6,3,5,4,3,6,2,5,5,3,6,3,2,2,5,4,5,4,5,4,5,5,2,6,
Masculino,24,Superior incompleto,Análise e Desenvolvimento de Sistemas,2020,1,1,Desenvolvedor,Ágil,24,12,6,5,5,7,4,3,4,4,5,5,5,6,7,7,6,6,7,4,4,5,5,6,6,5,4,1,2,2,7,2,3,4,6,7,5,5,1,6,1,7,2,2,7,1,1,1,7,7,6,1,1,1,7,7,1,7,
Masculino,30,Superior completo,Sistemas de Informação,2013,10,7,Desenvolvedor,Ágil,36,36,3,6,6,3,5,5,6,3,4,3,5,6,4,4,5,6,6,5,5,2,6,6,7,6,6,5,5,2,6,3,2,5,2,3,5,2,2,5,1,5,2,2,6,2,1,2,6,6,6,2,1,2,6,6,1,7,
Masculino,31,Superior completo,Ciência da computação,2011,8,3,Desenvolvedor,Ágil,8,4,4,5,5,4,5,4,5,5,5,5,5,4,6,5,5,6,5,5,5,5,5,5,6,4,4,2,5,4,5,4,5,5,4,6,4,4,4,4,4,4,4,4,6,4,3,4,5,5,5,5,3,5,4,5,3,5,
Masculino,27,Especialização,Análise e Desenvolvimento de Sistemas,2018,4,4,Desenvolvedor,Ágil,13,13,6,7,5,5,6,3,4,6,6,6,5,7,6,6,6,7,7,5,7,6,3,6,5,5,5,3,2,2,7,4,3,3,4,1,7,2,1,6,1,5,3,4,4,3,1,3,7,6,5,5,1,5,6,5,1,7,
Masculino,36,Mestrado,Ciência da computação,2019,7,3,Desenvolvedor,Híbrida,4,3,6,5,5,5,6,5,6,5,6,6,4,6,6,6,6,5,6,5,5,5,5,2,2,6,3,2,3,4,2,2,2,2,6,4,5,5,1,6,1,6,4,3,6,2,1,1,6,6,6,1,1,1,7,7,1,7,
Masculino,21,Superior incompleto,Ciência da computação,2020,4,2,Desenvolvedor,Ágil,8,7,7,5,6,7,6,5,6,4,5,7,7,7,5,7,3,7,7,7,6,7,2,6,4,3,6,1,7,5,4,6,4,7,7,2,7,2,6,7,4,5,7,7,5,6,4,7,4,7,7,7,1,7,5,7,4,4,
Masculino,34,Superior completo,Análise e Desenvolvimento de sistemas,0,9,4,Analista,Híbrida,122,122,4,5,3,7,5,7,3,3,2,5,6,5,3,4,7,7,6,2,7,7,7,7,7,5,6,3,3,7,5,7,5,7,3,7,7,7,5,4,3,4,1,3,4,3,6,6,6,5,5,7,5,7,3,5,6,2,
Masculino,23,Superior incompleto,Engenharia da Computação,2022,2,2,Desenvolvedor,Ágil,2,2,7,5,3,4,3,1,3,5,4,6,5,4,3,5,7,7,7,6,6,5,5,6,2,3,5,1,2,1,6,4,1,6,5,7,5,1,3,4,2,5,1,5,3,5,1,4,6,5,5,2,2,7,7,7,1,7,
Masculino,22,Superior incompleto,Ciência da computação,2020,2,2,Desenvolvedor,Ágil,14,14,4,5,4,6,5,5,5,5,6,6,5,4,5,6,6,7,6,6,7,6,3,4,3,6,5,2,7,2,4,2,2,2,1,6,4,2,5,3,2,4,5,3,4,2,1,2,5,4,4,6,2,4,4,4,1,7,
Masculino,27,Especialização,engenharia de software,2017,7,4,Desenvolvedor,Híbrida,2,2,6,7,6,7,6,6,7,7,6,7,7,7,7,7,7,7,6,7,7,7,7,6,7,7,6,5,7,7,7,7,7,7,6,5,7,7,1,7,1,7,4,1,7,1,1,1,7,7,7,1,1,1,7,7,1,7,
Masculino,25,Superior completo,Sistemas de Informação,2017,4,4,Desenvolvedor,Ágil,3,3,7,5,7,7,7,7,7,7,7,7,7,7,7,5,7,7,7,7,7,1,1,2,4,5,3,2,2,1,2,5,1,1,7,7,2,1,5,7,1,5,1,3,6,1,1,5,7,7,7,5,1,5,5,6,1,7,
Masculino,33,Superior completo,Ciência da computação,2009,11,11,Desenvolvedor,Ágil,5,3,6,7,6,6,6,4,7,6,6,7,7,6,6,5,7,7,6,7,7,2,6,5,5,5,7,1,3,3,4,7,3,5,4,6,6,4,2,6,1,6,3,3,6,1,1,2,7,5,6,2,1,2,7,7,1,7,
Masculino,32,Superior completo,Sistemas para internet,2017,6,6,Desenvolvedor,Híbrida,6,4,5,6,5,5,6,5,6,6,3,3,4,7,7,6,7,7,7,7,5,4,5,4,5,3,4,6,4,5,6,3,4,4,3,4,4,5,3,3,1,5,5,2,5,5,2,2,5,5,6,5,2,3,5,7,2,6,
Masculino,39,Especialização,Sistemas de Informação,2004,15,15,Desenvolvedor,Ágil,12,2,4,5,4,7,6,5,7,7,6,7,6,5,5,6,6,6,5,6,6,1,1,4,5,6,7,2,3,1,4,4,1,5,7,3,3,1,5,4,1,5,5,6,6,3,4,6,5,5,5,6,2,5,6,5,4,4,
Masculino,22,Superior completo,Sistemas de Informação,2019,2,5,2,5,Desenvolvedor,Ágil,1, ,7,7,7,6,6,6,7,7,6,7,5,7,7,7,7,7,7,6, ,1,2,3,2,5,1,3,1,2,2,3,2,2,7,2,5, ,1,7,1,7,1,7,7,4,1,2,7,7,7,2,4, ,7,7,
Masculino,26,Superior completo,Ciência da computação,2017,3,3,Desenvolvedor,Ágil,11,11,6,6,6,7,5,6,7,6,6,6,6,6,7,5,7,7,6,6,6,6,4,3,5,5,7,4,3,7,2,6,5,6,7,5,7,2,7,7,4,4,1,3,6,1,1,3,6,5,5,6,2,6,2,2,1,7,
Masculino,28,Especialização,Engenharia da Computação,2019,5,4,Gerente,Ágil,24,24,7,5,5,6,6,5,7,7,7,7,7,6,6,5,6,6,6,6,7,5,4,7,6,6,3,4,4,5,7,6,4,5,5,4,3,6,4,5,1,6,2,4,6,2,1,2,7,7,5,4,1,4,6,6,1,7,
Masculino,28,Especialização,Ciência da computação,2017,7,1,Gerente,Ágil,24,6,6,4,6,6,5,5,6,6,7,6,6,5,6,5,5,7,6,6,5,5,4,5,7,4,5,3,2,1,5,4,4,6,5,6,4,5,2,6,2,6,3,3,6,2,2,3,5,5,5,3,2,3,6,6,2,6,
Masculino,31,Mestrado,Ciência da computação,2009,10,8,Desenvolvedor,Ágil,7,3,5,6,6,5,7,5,7,4,5,5,5,4,6,4,6,6,7,4,5,3,5,4,3,3,5,4,3,5,4,4,3,4,2,3,4,4,2,3,3,5,3,1,6,3,2,2,6,4,4,2,4,3,5,6,2,6,
Masculino,24,Mestrado,Engenharia da Computação,2020,9,6,Analista,Ágil,12,12,7,7,7,7,7,7,7,7,7,7,7,7,7,7,7,7,7,7,7,5,6,6,4,6,5,5,5,2,6,4,4,4,3,3,3,5,2,5,2,6,2,2,5,2,1,1,7,5,7,2,1,2,7,7,1,7,
Masculino,36,Superior completo,Engenharia da Computação,2010,13,7,Desenvolvedor,Híbrida,18,18,5,6,5,6,6,7,6,5,4,6,6,6,5,5,7,7,6,7,6,1,4,3,4,4,3,1,3,1,4,1,1,3,7,4,5,5,1,6,1,7,4,4,7,1,1,3,7,7,7,3,1,5,7,7,1,7,
Masculino,38,Especialização,Ciência da computação,2015,18,16,Desenvolvedor,Ágil,40,13,5,5,4,4,5,4,6,6,6,4,3,6,2,6,3,7,7,5,7,4,3,4,4,2,4,1,2,1,6,2,1,2,5,2,6,2,1,5,1,6,3,2,6,1,1,1,6,5,6,2,2,5,6,7,1,7,2
Masculino,23,Superior incompleto,Engenharia da Computação,2019,1,1,Desenvolvedor,Híbrida,1,1,5,7,7,6,6,5,7,5,5,6,4,5,6,7,5,7,6,5,6,3,5,4,4,3,4,1,4,4,5,2,1,4,5,6,4,3,3,5,1,4,3,2,7,3,1,2,5,6,6,2,2,1,6,6,1,7,
Masculino,24,Superior completo,Sistemas de Informação,2018,2,2,Desenvolvedor,Ágil,12,12,7,7,6,5,5,4,6,7,5,6,5,7,7,5,7,7,7,6,7,6,6,4,6,2,2,1,3,1,6,3,1,4,6,4,3,2,3,5,1,5,5,4,5,2,2,3,6,5,6,1,1,3,5,5,2,6,
Masculino,31,Mestrado,Ciência da computação,2018,13,10,Desenvolvedor,Ágil,18,18,6,6,7,4,4,7,7,7,7,6,4,5,5,7,5,7,7,7,6,7,7,7,6,7,7,5,3,4,7,4,6,6,5,7,5,4,5,7,5,4,4,7,6,3,1,4,7,3,7,4,1,5,4,6,1,7,
Masculino,48,Superior completo,Ciência da computação,1996,28,28,Desenvolvedor,Ágil,30,24,7,7,7,7,7,7,7,7,5,7,7,7,7,7,7,7,7,7,7, , , , , , , , , , , , , , , , , , , , , , , , , , , , , , , , , , , , , ,
Masculino,29,Superior incompleto,Análise e Desenvolvimento de Sistemas,2020,1,1,Desenvolvedor,Ágil,10,3,5,6,2,5,5,4,4,7,7,5,4,4,5,6,7,7,6,7,7,6,6,4,5,4,4,1,4,2,6,5,3,3,5,7,4,2,5,5,3,3,1,6,5,5,4,2,7,7,5,7,1,7,5,7,4,4,3
Masculino,30,Superior incompleto,Analise de Desenvolvimento de Sistemas,2019,7,6,Desenvolvedor,Híbrida,24,1,5,6,5,7,7,7,6,5,6,6,6,5,6,7,6,7,6,7,6,4,3,5,6,5,5,1,5,3,5,2,4,7,3,6,4,2,1,6,1,7,2,1,6,1,1,1,7,6,6,7,1,3,7,7,1,7,
Masculino,27,Mestrado,Ciência da computação,2020,3,3,Desenvolvedor,Ágil,12,3,7,6,7,6,7,6,6,6,7,6,4,7,4,4,6,7,6,7,5,6,6,7,6,5,7,1,6,1,5,1,1,5,4,5,1,1,1,7,1,7,4,1,7,1,1,1,6,6,6,1,1,1,7,7,1,7,
Masculino,32,Superior completo,Ciência da computação,2012,6,4,Desenvolvedor,Híbrida,144,36,7,5,5,5,7,6,6,6,7,7,5,5,5,7,7,7,5,7,5, , , , , , , , , , , , , , , , , , , , , , , , , , , , , , , , , , , , , ,
Masculino,27,Técnico,Sistemas de Informação,2017,4,4,Desenvolvedor,Híbrida,12,12,7,7,7,6,7,6,6,7,7,7,7,6,7,7,7,7,6,6,7,5,4,5,7,2,5,2,4,2,5,2,5,4,7,5,4,5,2,7,1,6,4,4,7,1,1,1,7,6,7,6,1,4,6,6,1,7,
Masculino,40,Especialização,Sistemas de Informação,2020,16,16,Analista,Ágil,60,12,7,7,7,7,5,4,7,7,7,7,7,6,7,7,7,7,7,7,7,1,1,6,7,6,6,1,4,1,7,3,1,7,5,3,1,4, , , , , , , , , , , , , , , , , , , , ,
Masculino,22,Superior incompleto,Técnico em Programação,2014,4,4,Desenvolvedor,Híbrida,5,5,5,5,7,4,5,6,7,6,6,6,5,5,6,5,7,7,6,6,6,3,4,7,7,5,7,4,5,7,2,2,1,7,4,3,7,4,3,7,1,7,4,2,7,2,1,2,6,6,7,4,1,4,6,4,1,7,
Masculino,25,Superior incompleto,Ciência da computação,2019,3,2,Desenvolvedor,Híbrida,11,11,6,6,5,6,5,6,6,4,5,5,5,6,5,5,6,6,5,6,4,5,7,7,7,6,6,3,3,5,7,4,5,6,4,5,5,6,3,5,1,5,3,5,5,1,1,2,6,6,5,3,2,5,5,6,1,7,
Masculino,20,Superior incompleto,Ciência da computação,2021,2,2,Desenvolvedor,Ágil,2,2,5,6,3,4,4,4,5,4,4,6,3,4,7,4,7,6,6,7,6, , , , , , , , , , , , , , , , , , , , , , , , , , , , , , , , , , , , , ,
Masculino,20,Superior incompleto,Ciência da computação,2020,2,1,Desenvolvedor,Híbrida,6,6,5,6,6,7,6,4,7,6,7,6,5,5,5,5,6,7,7,6,5,7,5,6,6,7,6,1,7,3,6,5,4,7,4,6,5,4,5,6,2,3,4,2,7,3,2,4,3,4,5,5,3,5,3,3,2,6,
Masculino,26,Superior completo,Análise e desenvolvimento de sistemas,2015,4,4,Desenvolvedor,Ágil,12,12,7,5,6,7,7,7,7,7,7,6,6,7,7,3,7,7,7,7,5,6,7,7,7,3,5,1,2,1,7,2,4,4,4,7,3,2,2,7,1,3,1,1,7,1,2,2,7,7,7,2,1,7,2,7,2,6,
Masculino,25,Superior completo,Sistemas de Informação,2018,5,5,Desenvolvedor,Ágil,24,3,7,6,3,5,4,4,6,6,5,6,5,4,5,6,6,7,6,6,7,6,6,5,5,5,6,3,4,6,4,5,4,6,6,6,6,3,4,6,2,5,2,2,6,3,1,1,6,6,4,2,2,2,5,6,1,7,
Masculino,33,Mestrado,Ciência da computação,2015,8,4,Desenvolvedor,Híbrida,60,2,4,7,4,6,7,7,6,5,5,5,5,7,6,6,7,7,7,7,6,2,2,5,2,3,5,4,2,1,6,2,1,6,3,6,2,4,3,7,1,6,1,2,6,2,1,2,7,7,6,2,1,2,6,6,1,7,
Masculino,27,Superior incompleto,Ciência da computação,2020,3,3,Desenvolvedor,Híbrida,100,12,3,7,5,4,3,2,5,5,4,4,3,3,2,3,4,7,7,7,7,7,7,7,7,6,4,1,6,3,7,7,6,6,2,7,5,6,6,4,4,4,7,6,4,4,5,7,3,3,3,7,5,7,5,5,5,3,
Masculino,40,Especialização,Sistemas de Informação,2019,9,7,Testador,Ágil,30,25,5,5,4,4,5,7,5,6,5,5,4,7,7,2,7,7,7,6,6,6,7,7,5,5,2,6,6,7,7,4,2,4,5,7,6,5,1,7,1,6,1,1,7,1,1,1,7,7,6,1,1,1,6,7,1,7,
Masculino,24,Superior completo,Ciência da computação,2018,1,1,Desenvolvedor,Híbrida,2,2,4,7,5,3,6,5,6,2,6,6,5,6,6,7,5,7,7,5,7,3,2,4,4,6,2,3,7,6,4,3,1,5,1,6,2,6,4,5,1,5,5,6,5,1,2,2,7,7,6,4,1,3,5,5,2,6,
Masculino,22,Superior incompleto,Ciência da computação,2020,1,1,Desenvolvedor,Ágil,18,2,4,4,3,6,5,3,3,3,4,4,3,6,6,6,3,6,6,6,6,4,4,6,4,2,1,2,3,1,2,3,1,2,5,5,1,6,1,3,4,7,4,4,3,1,1,3,7,4,3,3,1,6,7,7,1,7,
Masculino,29,Superior completo,Ciência da computação,2015,9,5,Desenvolvedor,Ágil,5,5,6,7,7,7,5,7,7,7,7,7,7,5,7,7,4,7,5,6,6,1,2,7,5,1,4,1,1,1,2,1,1,3,6,5,5,5,1,7,1,7,1,3,6,1,1,2,7,5,7,1,1,3,7,7,1,7,
Masculino,28,Superior incompleto,Ciência da computação,2019,5,5,Testador,Ágil,24,14,6,7,7,7,5,7,6,7,6,6,6,7,7,7,7,5,6,7,7,7,4,7,7,5,4,7,7,1,7,3,7,5,4,4,5,5,2,7,1,7,2,2,7,7,1,1,7,7,7,1,1,1,7,7,1,7,
Masculino,50,Superior completo,Ciência da computação,1995,25,15,Analista,Híbrida,2,1,5,7,6,6,7,7,7,6,7,6,6,7,7,7,6,7,7,7,6,5,6,5,5,6,5,5,6,6,4,3,3,6,6,7,4,6,2,6,1,7,1,2,6,1,1,2,7,7,7,2,1,5,7,7,1,7,
Masculino,32,Especialização,Engenharia da Computação,2013,12,2,Analista,Ágil,6,6,6,5,6,7,7,7,6,6,6,6,6,6,6,4,6,7,6,7,4,4,7,6,7,3,6,1,5,1,5,5,3,7,4,7,6,2,6,7,1,5,7,5,7,5,2,3,5,5,5,3,1,5,5,4,2,6,
Masculino,27,Superior completo,Ciência da computação,2019,5,5,Desenvolvedor,Ágil,4,4,5,6,3,3,5,5,7,6,5,5,5,5,7,4,7,7,5,7,6,2,5,1,3,2,4,1,5,4,4,1,3,5,4,5,3,2, , , , , , , , , , , , , , , , , , , , ,
Masculino,27,Mestrado,Ciência da computação,2015,7,4,Desenvolvedor,Ágil,12,12,7,7,4,6,7,5,7,6,7,6,7,6,7,7,7,7,7,7,7,4,4,4,2,4,4,2,1,1,4,3,1,1,5,7,2,1,1,6,1,5,2,2,7,1,1,2,7,6,7,6,1,5,4,5,1,7,
Masculino,32,Mestrado,Ciência da computação,2013,10,10,Analista,Ágil,6,6,7,7,7,7,7,7,7,7,7,7,7,7,7,7,7,7,7,7,7,7,4,4,7,4,4,4,4,2,4,5,2,4,5,7,7,2,7,7,1,3,4,3,7,1,1,4,7,7,7,2,1,7,1,1,1,7,
Masculino,29,Especialização,Sistemas de Informação,2017,7,7,Analista,Híbrida,360,14,7,7,7,6,6,4,7,7,7,7,5,5,6,4,7,6,6,7,7,5,5,4,5,5,3,3,3,7,3,4,2,3,3,2,4,2,3,6,1,5,2,2,6,5,1,2,6,7,6,2,6,2,5,6,1,7,
Masculino,25,Superior completo,Sistemas de Informação,2017,5,3,Analista,Ágil,24,3,7,5,4,7,7,7,5,5,7,4,4,7,7,7,7,7,7,7,7,7,5,2,3,7,4,2,2,1,1,1,1,4,7,3,3,1,1,7,1,7,1,1,7,1,1,1,7,7,6,1,1,4,7,7,1,7,
Masculino,37,Especialização,Sistemas de Informação,2010,15,10,Desenvolvedor,Híbrida,6,6,6,6,6,7,6,7,5,7,6,6,6,7,7,7,7,6,6,7,7,7,6,7,6,3,7,3,5,6,5,5,6,7,3,7,6,3,6,7,1,2,3,6,7,5,3,5,5,5,7,2,1,5,2,2,3,5,
Masculino,29,Superior completo,Ciência da computação,2015,4,4,Desenvolvedor,Ágil,10,10,6,7,7,7,4,7,7,7,7,5,5,4,3,7,4,7,7,3,7,7,4,7,6,4,4,1,2,2,7,4,3,6,4,4,3,4,1,6,1,7,4,1,6,1,1,1,7,7,5,2,1,1,7,7,1,7,
Masculino,33,Superior completo,Ciência da computação,2016,12,5,Analista,Ágil,8,2,6,7,3,6,6,6,6,6,5,6,6,6,6,6,5,7,7,6,5,5,2,4,7,2,2,1,1,3,2,1,1,7,6,6,1,1,2,7,1,7,1,2,7,1,1,1,7,7,7,2,1,2,5,5,1,7,
Masculino,23,Superior incompleto,Análise e Desenvolvimento de Sistemas,2019,2,2,Desenvolvedor,Híbrida,24,9,5,6,4,7,4,7,6,5,6,5,5,4,4,7,7,7,7,4,6,7,5,3,4,6,6,2,7,7,4,6,5,5,4,6,2,7, , , , , , , , , , , , , , , , , , , , ,
Masculino,30,Superior completo,Sistemas de Informação,2014,10,10,Desenvolvedor,Tradicional,5,5,5,5,3,5,5,6,1,6,6,6,6,6,5,7,6,6,6,6,7,3,3,6,6,7,7,6,4,4,6,5,4,6,3,7,3,3,4,6,2,5,3,1,3,1,1,1,7,6,6,6,1,4,6,6,1,7,
Masculino,28,Especialização,Business Inteligence,2017,7,4,Analista,Ágil,1,1,6,7,4,4,6,4,6,6,5,4,5,7,5,5,7,7,7,7,7,2,4,6,6,5,6,5,2,4,5,2,2,6,4,5,7,3,2,5,1,7,3,3,7,1,1,1,7,7,6,1,1,2,7,6,1,7,
Masculino,30,Superior completo,Ciência da computação,2010,11,11,Desenvolvedor,Ágil,5,5,6,6,4,7,5,6,5,5,5,5,5,6,5,5,6,7,6,6,5,5,7,7,7,7,7,7,4,4,7,7,1,7,4,4,7,6,6,5,4,5,5,3,5,4,2,3,6,5,5,2,2,4,6,5,2,6,
Masculino,27,Superior completo,Análise e Desenvolvimento de Sistemas,2017,3,1,Desenvolvedor,Ágil,60,35,7,7,6,7,7,7,6,5,7,7,5,7,5,7,6,7,7,7,7,3,6,7,6,6,2,1,3,1,5,7,2,7,5,4,2,2,5,7,1,6,1,3,5,1,1,1,7,7,7,1,1,4,6,7,1,7,
Masculino,45,Especialização,Engenharia Eletrônica,2007,21,8,Gerente,Ágil,24,24,6,6,6,5,6,5,6,6,7,5,6,6,6,6,6,6,6,6,7,5,6,5,5,4,6,5,5,3,5,5,4,5,5,6,5,5,2,5,1,6,5,2,6,1,1,1,6,5,6,2,1,5,5,5,1,7,
Masculino,30,Mestrado,Ciência da computação,2016,5,2,Desenvolvedor,Ágil,200,7,5,5,6,6,6,6,6,6,6,5,6,6,6,6,6,5,6,6,5, , , , , , , , , , , , , , , , , , , , , , , , , , , , , , , , , , , , , ,
Masculino,26,Superior completo,Engenharia Civil,2018,2,2,Desenvolvedor,Ágil,48,14,4,7,5,6,4,6,7,7,7,7,6,6,7,6,7,7,7,5,4,7,3,4,4,7,6,5,4,2,5,2,2,4,5,5,7,3,1,6,1,5,3,1,7,1,1,4,7,6,6,2,1,6,6,6,1,7,
Masculino,34,Superior completo,Ciência da computação,2018,4,1,Desenvolvedor,Ágil,5,5,4,7,3,3,7,5,3,4,3,6,3,7,7,4,6,7,7,7,4,2,3,7,4,7,5,2,5,2,5,2,1,4,6,7,2,6,1,5,1,7,1,1,5,1,1,1,7,7,4,3,1,3,7,7,1,7,
Masculino,40,Superior completo,Ciência da computação,2001,18,15,Testador,Híbrida,36,30,3,4,4,4,4,5,5,6,4,4,4,5,5,5,6,6,6,5,6,4,5,5,5,6,4,3,5,6,6,5,3,6,5,5,5,4,4,4,3,6,4,4,4,3,3,3,5,4,3,5,4,3,5,4,3,5,5
Masculino,25,Superior incompleto,Engenharia de controle e automação,2020,2,2,Desenvolvedor,Ágil,12,1,7,4,5,6,4,7,7,5,7,3,7,7,7,7,7,7,7,7,7,7,7,7,7,7,7,1,7,7,7,7,4,7,7,7,2,7,1,7,1,7,1,1,7,1,1,1,7,7,7,1,1,1,7,7,1,7,
Masculino,24,Superior incompleto,Ciência da computação,2020,4,2,Desenvolvedor,Ágil,11,11,7,6,7,7,7,7,7,7,6,6,7,7,7,7,7,7,6,7,7,2,2,7,7,2,7,2,2,5,6,3,1,5,4,7,6,5,1,7,1,6,4,1,7,1,1,1,7,6,7,1,1,1,6,7,1,7,
Masculino,30,Superior completo,Analise e Desenvolvimento de Sistemas,2019,3,2,Desenvolvedor,Híbrida,3,1,7,6,4,7,7,5,7,6,6,5,6,7,7,6,5,6,6,4,5,6,5,3,5,4,4,6,6,4,3,3,5,6,5,5,5,5,2,6,1,6,2,1,6,1,1,1,6,6,5,1,1,2,6,7,1,7,3
Masculino,23,Superior incompleto,Ciência da computação,2021,4,1,Desenvolvedor,Ágil,2,2,4,7,3,4,5,5,3,3,4,4,6,6,3,7,5,7,5,5,7,5,5,6,5,3,6,6,3,6,6,3,4,4,3,7,4,6,6,4,7,5,5,2,5,6,6,5,6,6,6,7,7,6,4,1,6,2,
Masculino,27,Superior completo,Química Industrial e atualmente com o curso de sistemas de informação em andamento.,2020,10,3,Analista,Ágil,180,27,5,7,7,3,7,7,7,5,7,5,4,7,6,3,7,7,7,6,4,7,2,6,5,7,4,7,3,5,6,4,7,2,3,7,5,2,5,6,1,4,4,3,6,2,2,2,7,7,5,6,1,6,4,7,2,6,
Masculino,25,Superior incompleto,Ciência da computação,2021,2,1,Desenvolvedor,Híbrida,2,2,7,7,6,7,7,7,6,6,7,7,6,7,7,7,7,7,7,7,7,6,6,6,6,6,6,1,6,1,6,1,2,7,1,7,6,6,6,7,7,7,7,6,7,2,2,2,7,7,7,2,2,2,7,7,2,6,
Masculino,35,Superior incompleto,Analise e desenvolvimento de sistemas,2022,14,6,Testador,Híbrida,7,7,7,7,4,7,1,1,4,7,7,7,7,5,1,4,5,7,7,7,7,1,1,7,7,5,5,7,7,2,7,7,7,7,7,2,5,3,1,7,1,7,4,1,7,1,1,1,7,7,7,1,1,1,7,7,1,7,
Masculino,23,Superior incompleto,Engenharia da Computação,2020,3,3,Desenvolvedor,Ágil,60,36,4,7,3,7,4,6,7,5,4,4,4,6,6,2,6,6,7,7,6, , , , , , , , , , , , , , , , , , , , , , , , , , , , , , , , , , , , , ,
Masculino,33,Superior completo,Ciência da computação,2009,10,10,Desenvolvedor,Ágil,10,1,6,6,6,6,5,5,7,7,5,6,4,4,4,6,5,7,5,6,6,7,5,6,7,7,6,3,7,3,6,4,3,5,6,7,4,2,2,6,1,6,3,1,4,2,2,2,6,5,5,1,1,1,7,5,2,6,
Masculino,44,Mestrado,Sistemas de Informação,2015,9,12,Desenvolvedor,Ágil,36,5,5,5,5,4,4,5,5,5,5,4,4,4,5,5,5,4,4,4,4,4,5,4,5,5,4,5,5,4,5,4,4,4,4,5,5,5,4,5,4,5,4,5,4,5,4,5,4,5,4,5,4,5,6,7,4,4,
Prefiro não declarar,33,Doutorado,Ciência da computação,2018,2,1,Testador,Híbrida,50,13,2,6,2,7,6,7,5,7,6,5,7,7,7,4,6,7,6,6,7,6,6,2,2,7,3,6,3,5,7,5,1,6,5,6,6,2,1,5,1,7,6,1,6,1,1,1,6,6,5,6,2,6,7,7,1,7,
